PA_ID,voter_share,non_voter_share,con_vote_share,lab_vote_share,libdem_vote_share,green_vote_share,ukip_vote_share,plaid_vote_share,other_vote_share
1,0.6089539320980369,0.3910460679019631,0.142483364558434,0.5191872860003877,0.16260740357904258,0.0,0.015795594030622133,0.0709994185670909,0.08892693326442276
2,0.6719888771780325,0.3280111228219676,0.35820596676233063,0.24481078555696456,0.1930854968964827,0.0,0.021090569311886805,0.1782353333778282,0.004571848094507108
7,0.6350521234170573,0.3649478765829427,0.4671910805570245,0.12094570773841001,0.3441080557024502,0.0,0.04497179622774546,0.0,0.02278335977436982
8,0.6558250861498243,0.3441749138501757,0.5930786353988715,0.19793446187296165,0.1768649376197132,0.021923694155407153,0.0,0.0,0.01019827095304654
9,0.6840377797473964,0.31596222025260357,0.4894620695240216,0.22418156418925758,0.2547122061830624,0.0,0.03164416010365841,0.0,0.0
10,0.6552165564326862,0.34478344356731383,0.3227462866017083,0.3958620344162513,0.18305237582346015,0.0,0.025273651779675877,0.03879968940209904,0.03426596197680535
11,0.6549429251400151,0.3450570748599849,0.3861351668915096,0.374472344314374,0.14439270638408983,0.0,0.019713651594934507,0.0,0.07528613081509204
16,0.6329918928103306,0.3670081071896694,0.16933813942787024,0.3040110437917018,0.14057826520438685,0.0,0.0262673517907815,0.3598051997852596,0.0
18,0.7286002472831392,0.2713997527168608,0.5775606444928727,0.086367046550677,0.2794112393269265,0.0,0.056661069629523775,0.0,0.0
19,0.6228563305289548,0.3771436694710451,0.22196862810191717,0.3369366752427587,0.33295294215287574,0.0,0.019358452983650097,0.0,0.08878330151879824
20,0.6790244982835205,0.3209755017164794,0.5414152396484552,0.1667844522968198,0.22797861737791067,0.018374558303886925,0.045447132372927426,0.0,0.0
21,0.5675635762176212,0.43243642378237884,0.24745004163197334,0.4840757701915071,0.14839196502914237,0.0,0.04386969192339717,0.0,0.07621253122398002
22,0.6829299624890808,0.3170700375109193,0.5217260449193033,0.12593581881795268,0.2843760580866032,0.0,0.06796207817614085,0.0,0.0
26,0.6665284016165159,0.33347159838348406,0.5281378353869952,0.1915506481036966,0.20405042584591312,0.01705161714763251,0.04989242723280169,0.0,0.009317046282960829
28,0.6138381978664645,0.3861618021335355,0.17804291731910107,0.543148887369605,0.0820192753015901,0.006991156297554198,0.028670357056215953,0.0,0.16112740665593367
29,0.5645301557755977,0.4354698442244023,0.172643982595065,0.47260884840950246,0.17280614037458447,0.0,0.04667441420502148,0.0,0.1352666144158266
30,0.5609118141301965,0.43908818586980347,0.16487782003855572,0.4704579794716824,0.18155056531026936,0.0,0.045094565727088004,0.0,0.13801906945240452
31,0.6400069622731822,0.3599930377268178,0.363022391442299,0.48105339497778987,0.10026289547638473,0.012011603662405947,0.01905992203789321,0.0,0.02458979240322727
32,0.6344959169655804,0.3655040830344196,0.527364141547788,0.23055642425846185,0.15728066588082465,0.0,0.038273713584642405,0.0,0.0465250547282831
33,0.6224086595987423,0.37759134040125775,0.438672180619202,0.3096456912931709,0.13360903096009835,0.0,0.0589918408405052,0.0,0.059081256287023584
34,0.6711539225948352,0.32884607740516475,0.5051920874955581,0.20387333675524144,0.24507442650136219,0.0,0.040983930193074586,0.0,0.004876219054763691
35,0.6479552494347366,0.3520447505652634,0.3389273251709462,0.5046291627165823,0.11235048510397967,0.0,0.035883575044879684,0.0,0.008209451963612158
36,0.7060852352817683,0.2939147647182317,0.31363887355052456,0.06904387716093956,0.5660068810262073,0.023786263432867518,0.01890158433504651,0.0,0.008622520494414476
37,0.666019442779327,0.33398055722067294,0.3357334324678628,0.42194134105539144,0.15838697685339176,0.01183744545970377,0.0,0.0,0.07210080416365024
38,0.6565918908371573,0.34340810916284265,0.4734997540580423,0.3510001639613051,0.147073290703394,0.011456796196097721,0.010350057386456796,0.0,0.00661993769470405
39,0.7000346749886639,0.29996532501133605,0.6106496475519146,0.11687940560106687,0.19567536673652125,0.014631358353972185,0.0494760906839398,0.0,0.012688131072585254
40,0.7201256436974283,0.2798743563025718,0.5787233150190831,0.14454976303317535,0.20578366816256344,0.012750073396804094,0.0325252694711236,0.0,0.025667910917250347
41,0.6581351233036626,0.34186487669633736,0.3890293113387433,0.3590306416566893,0.19859429737040485,0.00871358254622855,0.0251873531107268,0.0,0.01944481397720722
42,0.7193945747608439,0.28060542523915605,0.5248920706049511,0.1476947738492085,0.24888427418620326,0.014080915168406288,0.05147822285370785,0.0,0.012969743337522998
43,0.7116576992057392,0.2883423007942608,0.5578377016129032,0.16123631912442396,0.21685987903225806,0.0,0.041294642857142856,0.0,0.02277145737327189
44,0.663200930001698,0.33679906999830195,0.5281246307165085,0.19592704927718912,0.200220585338953,0.0,0.04218694607476267,0.0,0.03354078859258676
49,0.5751919410521976,0.4248080589478023,0.1710599986562451,0.2924906497054937,0.483527804528454,0.016080266959306623,0.0,0.0,0.03684128015050055
50,0.6793983527166036,0.32060164728339635,0.3672311974817243,0.13166315460860065,0.4372122063529228,0.0,0.032336949452379096,0.0,0.03155649210437316
52,0.6243984097091442,0.3756015902908558,0.13939047468853494,0.42942753508910264,0.20126951584923514,0.01687431004573411,0.0,0.0,0.21303816432739314
53,0.670705262361633,0.3292947376383671,0.4711178781556044,0.2109814094249892,0.22699674805917405,0.012894979228932875,0.03468110302825241,0.0,0.04332788210304705
54,0.6736474479218086,0.3263525520781913,0.5156355908916043,0.11951563559089161,0.27968197556194696,0.0,0.0,0.0,0.08516679795555718
55,0.6641851880335308,0.3358148119664693,0.5047010328377565,0.2651567782872493,0.12741420036126164,0.008591542772451484,0.03605669028761984,0.0,0.05807975545366125
56,0.5627100823602504,0.43728991763974956,0.18931008125017693,0.6251450896016759,0.1855448291481471,0.0,0.0,0.0,0.0
57,0.6062298572324384,0.39377014276756156,0.37574270525125686,0.40638906930311997,0.15364075918308437,0.011281903249861683,0.0176084289528758,0.0,0.0353371340598013
58,0.5352910172426775,0.4647089827573225,0.32611264277274515,0.41830304394305967,0.1615371631125865,0.0,0.02368761604681258,0.0,0.07035953412479604
59,0.6362888482632542,0.3637111517367459,0.1502247214070228,0.3291604244053605,0.24602376505838652,0.0,0.019496377778233834,0.0,0.2550947113509964
60,0.5659914712153518,0.4340085287846482,0.1162177434545112,0.51980128084385,0.27724147673761534,0.0,0.016811075532115277,0.0,0.06992842343190808
61,0.48655731472177716,0.5134426852782229,0.119359249853487,0.5567493651103731,0.27474674183015657,0.023972316021544385,0.025172327184438924,0.0,0.0
62,0.5861392245367125,0.4138607754632874,0.33622710097096664,0.4027598412015115,0.15664609939254795,0.009709666618835797,0.03259673793466303,0.0,0.062060553881475106
63,0.5896583641871423,0.4103416358128576,0.21310500654061126,0.5028421928885718,0.21962183374955405,0.0,0.03983826852182186,0.0,0.024592698299441076
64,0.6224583918187286,0.3775416081812713,0.3107188110731697,0.3854992161158001,0.22273049416919014,0.0142602495543672,0.02428967205721281,0.0,0.042501557030260075
65,0.5648428533897485,0.4351571466102515,0.19182374541003672,0.32215422276621786,0.39564259485924114,0.0,0.029130966952264383,0.0,0.0612484700122399
66,0.6016849988298619,0.39831500117013807,0.2626653053286659,0.38951283547257876,0.22338098016336055,0.0,0.0272024504084014,0.0,0.09723842862699339
67,0.6290387247514897,0.3709612752485103,0.26143431723774146,0.4780544627354447,0.15204729774280754,0.0,0.020703751730807272,0.0,0.08776017055319897
68,0.4922217904992157,0.5077782095007843,0.18301952987954626,0.5427143024207695,0.14211788094959654,0.0,0.026137293883756286,0.0,0.10601099286633142
69,0.6148567793144191,0.385143220685581,0.41792515582271933,0.36495774925476093,0.13303441649626765,0.0,0.040871129068020005,0.0,0.04321154935823212
70,0.5583638757992606,0.4416361242007394,0.3579506706069561,0.4105762673334849,0.1444078199590816,0.0,0.03841782223232553,0.0,0.04864741986815185
71,0.6177300636894093,0.38226993631059075,0.06991819725266245,0.5239697484179657,0.10140453773730514,0.0,0.015064053094613367,0.04114832535885168,0.24849513813860163
72,0.6623554742803209,0.33764452571967907,0.15939705653151648,0.4964486896889542,0.29345623761494444,0.0,0.0,0.0,0.050698016164584865
73,0.6131319554848966,0.3868680445151033,0.1662604366540476,0.44484779339314423,0.271949385469066,0.0,0.043172742830472434,0.0,0.07376964165326971
74,0.6616018978761862,0.3383981021238138,0.5141082557841714,0.14044224366088962,0.23529411764705882,0.0,0.06479979509946214,0.0,0.045355587808417995
75,0.6045130967759668,0.3954869032240332,0.24579430753841958,0.5,0.15506501773210876,0.0,0.03912430662908066,0.0,0.060016368100391015
76,0.647413457798522,0.352586542201478,0.3647665041476997,0.4591353374771819,0.12995355500612335,0.0,0.04193913626175567,0.0,0.004205467107239411
77,0.5698499258982144,0.43015007410178563,0.2562367437632562,0.47424502575497424,0.1587970912029088,0.015503484496515504,0.03949096050903949,0.0,0.055726694273305726
78,0.6674148476516469,0.33258515234835306,0.38328148646376325,0.38521523457205314,0.17187237262485286,0.011455355641499916,0.039957121237598786,0.0,0.00821842946023205
79,0.5779311696676094,0.42206883033239057,0.08910531288611091,0.6644378225161712,0.15129490999830414,0.0,0.06090558906897304,0.0,0.03425636553044068
80,0.6418747953442682,0.35812520465573183,0.4944927536231884,0.2063536231884058,0.14773333333333333,0.0,0.09463188405797102,0.0,0.05678840579710145
81,0.7021579383150487,0.29784206168495136,0.426207760622029,0.15981869771898147,0.3334930169141762,0.0,0.020230681357556103,0.0,0.06024984338725725
82,0.6189666080843585,0.38103339191564145,0.4842813011084863,0.13256405596947118,0.3087406868980556,0.0,0.06875795020897692,0.0,0.005656005815009995
83,0.5805889649213273,0.41941103507867267,0.45147507141314003,0.14813125615113182,0.31745841234787203,0.0,0.07198924602126791,0.0,0.010946014066588253
84,0.6780772032046614,0.3219227967953387,0.524148381156974,0.16792619303360443,0.2229361669479822,0.015747276354150682,0.044057848703391134,0.0,0.025184133803897498
85,0.6213065913139628,0.37869340868603724,0.268433151247003,0.3280520058333539,0.33707393034579924,0.0,0.0,0.0,0.06644091257384384
86,0.5975935828877005,0.40240641711229946,0.29109093301750233,0.4127385182260824,0.18286616660086855,0.0,0.03524147914199237,0.0,0.07806290301355441
87,0.649018698315712,0.350981301684288,0.31146490536277605,0.4534946766561514,0.11662066246056782,0.02316640378548896,0.020011829652996846,0.0,0.07524152208201892
88,0.6914126723156696,0.30858732768433034,0.5264109911997236,0.1987683677824523,0.1879356949779485,0.014592606141901917,0.05034245879316302,0.0,0.021949881104810682
89,0.7248689096642967,0.2751310903357032,0.36509203243660704,0.10544471617968851,0.4615523233363367,0.008778478568670357,0.022551164886085724,0.02546016218303514,0.011121122409576523
90,0.6120924830510763,0.38790751694892367,0.11179754208679919,0.41217483396950777,0.441850715972023,0.014738653663702755,0.0,0.0,0.019438254307967258
91,0.623367025841518,0.3766329741584819,0.31523194003594784,0.4687368541818043,0.1697770469234005,0.013862862824582201,0.007266052239091361,0.0,0.02512524379517381
92,0.6435376918104996,0.3564623081895004,0.37239840044638706,0.3359806565609597,0.23654794010973682,0.01463777550451037,0.016051334511299174,0.0,0.024383892867106852
93,0.7299484915378955,0.27005150846210446,0.5691216002530044,0.09867172675521822,0.2346616065781151,0.011543327008222644,0.040263282732447815,0.0,0.04573845667299178
94,0.6532708688245316,0.3467291311754685,0.30427412835423895,0.36328787128067386,0.22578037395363393,0.0,0.020888205074712493,0.05917020888205075,0.026599212454690067
95,0.6630932100267705,0.3369067899732295,0.4528104527186978,0.1712513533848384,0.2830822307452333,0.01576349255867726,0.04778595415924981,0.0,0.02930651643330336
96,0.651481179003638,0.348518820996362,0.4485572320736655,0.33124401695765143,0.14619136618498427,0.0,0.03986415644801021,0.0,0.034143228335688565
97,0.6468984321745058,0.35310156782549423,0.3797447605666784,0.34864769933263084,0.18009600749326776,0.05456035593021894,0.0324083830933146,0.0,0.004542793583889474
98,0.7003742788039292,0.2996257211960707,0.23681367442219392,0.28911525253694487,0.13811397924142454,0.3132692827101902,0.018289153837249682,0.0,0.004398657251996759
99,0.6482116115654879,0.35178838843451216,0.2832041228869094,0.36588399937801275,0.24419663682608791,0.01783770575560344,0.03354288379945354,0.0,0.05533465135393296
100,0.6851325048659979,0.3148674951340021,0.37974809281627464,0.2594365861411316,0.3147051811824539,0.010151780038143675,0.023343134138588684,0.0,0.012615225683407501
101,0.6156479466524135,0.3843520533475865,0.2291584844037456,0.38448022820761935,0.28662380883477684,0.025135911693573394,0.026128118734109185,0.0,0.04847344812617566
102,0.6690237888018566,0.3309762111981433,0.18373172891032938,0.27511879596003397,0.4804777133358628,0.0377617576381737,0.011834426436843912,0.0,0.01107557771875621
103,0.7271171233349437,0.27288287666505623,0.46203204495405875,0.13833624420988685,0.3236008808565571,0.014275951097273901,0.045219834459716,0.0,0.016535044422507403
104,0.6730707506075474,0.32692924939245266,0.5352090287712605,0.1656561527806163,0.21956536548811226,0.013783863569271295,0.03294956513840634,0.0,0.032836024252333264
105,0.7069116600032861,0.29308833999671396,0.4369165214022855,0.2178965717606043,0.19608754600038736,0.0,0.05713732326166957,0.0,0.09196203757505327
106,0.6395484024596938,0.3604515975403062,0.5879363966884226,0.17609181304481142,0.13375531122694817,0.0,0.041394717245608656,0.0,0.06082176179420912
107,0.7318925071486078,0.26810749285139224,0.3904071917613367,0.3830295673943141,0.16892673582794393,0.008022455288561837,0.022644944715231284,0.0,0.026969105012612134
108,0.6445612023096721,0.35543879769032793,0.0,0.0,0.0,0.0,0.17380779973104377,0.0,0.8261922002689562
109,0.6281618254146963,0.3718381745853036,0.16608913848727447,0.31339467080893774,0.3568407217110766,0.0,0.022200979806428486,0.0,0.14147448918628272
110,0.6654245799610011,0.33457542003899887,0.44533649117877283,0.31880858238163096,0.15838066756317362,0.0,0.029123095758986813,0.0,0.04835116311743572
111,0.6734822271154451,0.3265177728845549,0.4019038722448344,0.3520161918106804,0.17003625364204533,0.0,0.028513600676141546,0.0,0.04753008162629835
112,0.6563009898836071,0.3436990101163929,0.3359645306316945,0.40416847949945095,0.18223631052271738,0.010214017858992687,0.021070296475853068,0.0,0.04634636501129136
113,0.6931158222767836,0.3068841777232164,0.47513539289485335,0.166490684287612,0.2642971490854593,0.0429340236384073,0.05114275009366804,0.0,0.0
114,0.622838929847719,0.377161070152281,0.1711464902305386,0.44911092732347774,0.14700713325752093,0.0,0.023519073710327715,0.16695957820738136,0.04225679727075365
116,0.6733157354069412,0.32668426459305877,0.3939165701042874,0.2697180378524527,0.2517767477790653,0.01657010428736964,0.02265353418308227,0.0,0.04536500579374276
117,0.5934221069098401,0.40657789309015985,0.13030712188430957,0.5919329604149253,0.22357958807518377,0.029169077777063374,0.0,0.0,0.02501125184851797
118,0.6642125830402501,0.3357874169597499,0.37580307344739133,0.16343868401854422,0.3742498764502389,0.013672840232508884,0.05064363542230485,0.0,0.02219189042901184
119,0.6710933211957322,0.32890667880426777,0.2559146219828446,0.2428485936564931,0.39140235387991223,0.07588270496708557,0.02383802114502294,0.0,0.010113704368641532
120,0.7110237080738556,0.28897629192614444,0.5159419176398279,0.17812692071296865,0.20046481253841425,0.0,0.053607098955132146,0.0,0.051859250153657034
121,0.6559633543798044,0.3440366456201956,0.5048641971072182,0.16946622514283755,0.21872587203815863,0.0,0.08280287562410994,0.0,0.02414083008767565
122,0.7475916197227672,0.2524083802772327,0.4740415876456245,0.1020048767271742,0.34132010295312926,0.01759347060417231,0.03171565971281495,0.0,0.0333243023570848
123,0.6934318871286175,0.30656811287138247,0.47965348425401894,0.07603902642269365,0.37642790180896496,0.013298149369813548,0.03711676677893129,0.0,0.017464671365577583
124,0.6114645407204595,0.3885354592795405,0.40104040913979677,0.33091156522311727,0.16971399723435546,0.0,0.03468030465989157,0.0,0.06365372374283895
125,0.6639009187679605,0.3360990812320395,0.448088764250442,0.16135259810197322,0.32518441748460647,0.02310552947631531,0.038753073624743443,0.0,0.0035156170619195675
126,0.5910406278100221,0.4089593721899779,0.21573400459185085,0.2876822217919283,0.41426239938037673,0.01590550745484219,0.021161240352963958,0.03446654311084064,0.01078808331719731
127,0.7265876466370723,0.2734123533629277,0.3749737560361117,0.37090069284064664,0.18316187276926307,0.007600251942053327,0.023724543355028344,0.03334033172370355,0.006298551333193366
128,0.6019645352544535,0.3980354647455466,0.2829227613874552,0.3890554215781289,0.22256530460456625,0.012486195316549844,0.02580630620478262,0.04171831684284072,0.025445694065676486
129,0.6523324892095498,0.3476675107904503,0.2964744372283803,0.41247131207578497,0.1754480199228478,0.018311440988329507,0.027271839445285415,0.07002295033937204,0.0
130,0.6466144676156474,0.35338553238435255,0.3931042654028436,0.3728909952606635,0.15561611374407583,0.014549763033175355,0.022962085308056872,0.0,0.04087677725118483
131,0.7256084757086952,0.27439152429130476,0.2237773276156902,0.26479177080318855,0.12125437373391913,0.0,0.03380600352529531,0.3563705243219068,0.0
132,0.697098506229779,0.30290149377022096,0.4110153800577678,0.3265114671538253,0.12071987557706075,0.0,0.02829140642358111,0.10447576962006566,0.00898610116769941
133,0.6902471288557513,0.3097528711442487,0.36848294786358293,0.08743847728559606,0.4830349753909142,0.007731172960494795,0.029356679297878826,0.0,0.023955747201533168
134,0.6691932703168658,0.3308067296831342,0.439879180917692,0.1467818593701417,0.09399013903078221,0.0,0.0,0.0,0.3193488206813841
135,0.6388898166393908,0.3611101833606092,0.11555753045114747,0.057765696063568406,0.5002613832401066,0.018192273511422448,0.025537142558419153,0.28268597417533586,0.0
136,0.7189451210505821,0.2810548789494179,0.4960591685032311,0.196780097867095,0.2153636397594412,0.0,0.03359979081842292,0.0,0.05819730305180979
137,0.6445618268495086,0.3554381731504914,0.4617983427306138,0.3232588399114297,0.13312940854201383,0.009039651197297235,0.02999520624557719,0.0,0.042778551373068234
138,0.7330494869826202,0.26695051301737976,0.40838284582571605,0.09369287020109689,0.47069241316270566,0.0,0.027231870810481413,0.0,0.0
139,0.7041986455981941,0.2958013544018059,0.4617258622900372,0.10953785283827597,0.36812411847672777,0.008719066546993203,0.027970618943820635,0.0,0.02392248090414522
140,0.6015364414326033,0.3984635585673966,0.6045012043356082,0.18494078683259735,0.1624096748293858,0.016835608189482137,0.011993175431553593,0.0,0.01931955038137294
141,0.6681941314969999,0.3318058685030001,0.4118326829083469,0.05120675936801425,0.5050392149433562,0.0,0.022581745159701436,0.0,0.009339597620581215
142,0.7456528229991611,0.25434717700083886,0.6036534207917016,0.05609793303333079,0.28502783921897645,0.014625123941728319,0.040595683014262834,0.0,0.0
143,0.6671799917297628,0.3328200082702371,0.4059628125667878,0.3507587091258816,0.1908527463133148,0.011434067108356486,0.026180807864928404,0.0,0.014810857020730926
144,0.6377333815632044,0.3622666184367957,0.15737690612796965,0.3903008355330614,0.3783241344706473,0.013089290778594647,0.031239773991579223,0.0,0.029669059098147866
145,0.6961238599588114,0.30387614004118857,0.5534189163012662,0.10454857625865074,0.2738302780565975,0.0,0.06820222938348566,0.0,0.0
146,0.6648979654794774,0.33510203452052256,0.5276063657031503,0.22688256855194172,0.16800445413631512,0.015079107316846843,0.026284043984596113,0.0,0.036143460307149815
147,0.7264998751837572,0.27350012481624275,0.4104228309630619,0.06910375107378067,0.45757373293881837,0.00851388756323375,0.03403646081893672,0.0,0.02034933664216856
148,0.6736954206602769,0.3263045793397231,0.4880651280429972,0.2523909263357572,0.20158868163136262,0.020174675940562756,0.02849351881125514,0.0,0.009287069238065129
149,0.7012793056807936,0.2987206943192065,0.38015831558645075,0.43225378711777235,0.13977176839313699,0.0,0.04060352794631735,0.0,0.007212600956322578
150,0.7176403955909902,0.2823596044090097,0.5643516270033997,0.0981261129998381,0.25250930872591876,0.0,0.08501295127084345,0.0,0.0
151,0.552454038205508,0.4475459617944921,0.5216214020741382,0.22171075789986733,0.2050851588096721,0.021066312853700142,0.017979475237605264,0.0,0.012536893125016924
152,0.6417686102925857,0.35823138970741436,0.5302738677735779,0.2504232080328363,0.12932773693852467,0.012406372469447858,0.0,0.0,0.07756881478561324
153,0.6404135927307945,0.3595864072692056,0.42118489525419206,0.3256015656273629,0.18218209313703687,0.0,0.07103144598140818,0.0,0.0
154,0.6452519163503758,0.3547480836496242,0.30209624866641677,0.3838124621550705,0.17199619388137596,0.0,0.023615236008188923,0.0867622040886941,0.03171765520025374
155,0.6580733168718595,0.3419266831281405,0.415444359896093,0.2470152974206922,0.1522132717588098,0.0,0.02267062003096219,0.15386633780273412,0.008790113090708719
157,0.6229612227262907,0.3770387772737092,0.32876742018682675,0.12310626584884804,0.4800927631721537,0.015041505017447278,0.029259411777455082,0.0,0.02373263399726912
158,0.6906819885086185,0.30931801149138144,0.36964699074074076,0.2638346354166667,0.2821723090277778,0.015679253472222224,0.021032262731481483,0.0,0.04763454861111111
159,0.7025456557830658,0.2974543442169341,0.4578574241827491,0.17225285545490351,0.31876723119338324,0.0,0.04228042536431666,0.0,0.008842063804647499
160,0.6775562558393641,0.322443744160636,0.3708135648678337,0.4603968495103653,0.10201696777058453,0.009091546497768013,0.02323135531820413,0.0,0.03444971603524435
161,0.6951194504255102,0.3048805495744899,0.42197064680286156,0.3870307544804189,0.14444280551663102,0.0,0.0,0.0,0.0465557932000885
162,0.6894907271121578,0.3105092728878422,0.41693706771411493,0.042075826146358124,0.4805738194859534,0.0,0.04909913756297498,0.0,0.011314149090598583
163,0.6951788491446346,0.3048211508553655,0.45125662575327,0.07068141967470827,0.3863595138762924,0.0166475200032247,0.062135961464820526,0.0,0.01291895922768406
164,0.7146189836958646,0.2853810163041353,0.5302560548584768,0.1073460752845054,0.295648526407937,0.0171432740005836,0.04180040852057193,0.0,0.007805660927925299
165,0.5940028753337441,0.4059971246662559,0.2214922896065279,0.49291197012654725,0.16619413134176983,0.0,0.029758200216674736,0.0,0.08964340870848028
166,0.6389373001605577,0.3610626998394423,0.29312714776632304,0.4281786941580756,0.17920962199312715,0.010674398625429554,0.02781357388316151,0.0,0.06099656357388316
167,0.6235268560256341,0.37647314397436593,0.33429143802804634,0.41801672328194406,0.1802543332462329,0.013914293180036582,0.03847661353540632,0.0,0.01504659872833377
168,0.6526978194858548,0.3473021805141452,0.44762546311889523,0.32283597170764566,0.14407207814078815,0.012588413607275176,0.029092286965308186,0.0,0.04378578646008757
169,0.640728476821192,0.35927152317880795,0.4584605747396445,0.34010649126928194,0.14987080103359174,0.0,0.02767989977292303,0.0,0.023882233184558767
170,0.6505258746021559,0.3494741253978441,0.3939637989006785,0.3359977449815773,0.13193871182072603,0.01169790806773109,0.02007369078059879,0.0,0.10632814544868827
171,0.6064119414194518,0.39358805858054824,0.24123384162860903,0.5601633253347782,0.13983280439662513,0.019680315813917486,0.017242046598033904,0.0,0.021847666228036227
172,0.692741965241135,0.307258034758865,0.5092858918362274,0.20040126415965342,0.22843649018145662,0.017417705337168424,0.04445864848549412,0.0,0.0
174,0.5898519249753208,0.41014807502467915,0.1007497656982193,0.5248694604364708,0.13790333377962244,0.0,0.03350515463917526,0.20297228544651225,0.0
175,0.6340232784817385,0.36597672151826155,0.3432582745523603,0.40271748960028936,0.08604630132031109,0.0066919877012117926,0.03547205642973413,0.0,0.12581389039609334
176,0.6292688651566718,0.37073113484332826,0.3147845953002611,0.393766318537859,0.23419433047370383,0.0,0.027834763148079075,0.0,0.02941999254009698
177,0.6566060494814543,0.3433939505185457,0.48777955271565493,0.2755591054313099,0.14698482428115017,0.0,0.03678115015974441,0.0,0.05289536741214058
178,0.7245983317471869,0.2754016682528131,0.5649940124386758,0.15776258353613784,0.19438328118360568,0.014872329740796539,0.045061227643218606,0.0,0.022926565457565575
179,0.6916775762109594,0.30832242378904057,0.34639303482587064,0.4078250054077439,0.15539152065758166,0.0,0.0177103612372918,0.04985939865887951,0.02282067921263249
180,0.5673903211216644,0.43260967887833557,0.24870466321243523,0.5099242726185731,0.17874319117842433,0.0,0.054736282715557326,0.0,0.007891590275009965
181,0.6307188628032572,0.3692811371967429,0.3168367346938776,0.33043478260869563,0.2803460514640639,0.0,0.018389529724933452,0.0,0.05399290150842946
182,0.5801208467724898,0.41987915322751024,0.2847674079829076,0.43340293289307563,0.2046712634747985,0.0,0.044211906380499176,0.0,0.03294648926871904
183,0.7381343095177986,0.2618656904822015,0.5211201368106029,0.19369388627618642,0.22471141513467294,0.016502778965369815,0.038029072253099615,0.0,0.005942710560068405
184,0.7164996821745316,0.2835003178254684,0.4832284229648093,0.24470871530564825,0.2051244138397195,0.0,0.02644586202526298,0.0,0.04049258586456001
185,0.658757948401916,0.34124205159808396,0.32961262065739677,0.38159629204405326,0.2327465237912999,0.0,0.056044563507250074,0.0,0.0
186,0.7140692272830275,0.2859307727169726,0.45488803823955254,0.3135127630456772,0.15890834804339635,0.0,0.023919554136337493,0.0,0.048771296535036396
187,0.6877513765416524,0.31224862345834753,0.5506905481225723,0.10166163141993957,0.27004747518342687,0.017544238239102287,0.04479930945187743,0.0,0.015256797583081572
188,0.756611378734042,0.2433886212659579,0.5148590202884562,0.06895847641675792,0.34353015425166594,0.019378909657899134,0.0532734393852208,0.0,0.0
189,0.7262033402180306,0.2737966597819694,0.48334965719882467,0.10775634747231222,0.3116853763278837,0.015350711971671815,0.08185790702930762,0.0,0.0
190,0.6887985182799162,0.3112014817200838,0.3601644550963543,0.05204497184388457,0.4735878100582607,0.013581185089924203,0.07248494768223535,0.0,0.028136630229340816
191,0.7041080027678533,0.29589199723214665,0.5597272362615323,0.12420778178900922,0.24135579622944245,0.012855996791014842,0.061853188929001206,0.0,0.0
192,0.714283867631851,0.2857161323681489,0.4565937347304414,0.05278969180375337,0.4030801527408292,0.019002117378793638,0.054671806286986264,0.0,0.01386249705919612
193,0.6844252946394627,0.31557470536053733,0.34991112427788473,0.321656050955414,0.16941934528218042,0.01571989334913346,0.0,0.0,0.14329358613538734
194,0.5980963400691489,0.40190365993085114,0.296568401658222,0.3793643482266237,0.1709350529709811,0.0,0.04385076001842469,0.0,0.1092814371257485
195,0.5719668425018839,0.42803315749811605,0.24769433465085638,0.3969098095580309,0.21068391424122648,0.0,0.034040004790992937,0.0,0.11067193675889328
196,0.5787168147765795,0.42128318522342045,0.21039944073475883,0.4733746353928115,0.1488320516838223,0.0,0.04331894993129716,0.0,0.12407492225731022
197,0.7236003711722858,0.2763996288277142,0.4452209968367958,0.058733008463708644,0.4509703342737454,0.0,0.045075660425750196,0.0,0.0
198,0.7342048521175466,0.26579514788245345,0.5105188304612032,0.05374854546462016,0.3696828651114682,0.010084778633567906,0.051938456991928485,0.0,0.004026523337212094
199,0.6857960741548528,0.3142039258451472,0.45054661101172727,0.3026038560922282,0.18996223414828067,0.011826674617372291,0.04042933810375671,0.0,0.004631286026634864
200,0.7459053714761478,0.2540946285238523,0.47590561068768855,0.0665364424368209,0.4074855677834557,0.011772502921324798,0.03829987617071001,0.0,0.0
201,0.7014185680676013,0.2985814319323988,0.4400912970129999,0.33541728689093975,0.15802322119678475,0.0,0.03467301776322318,0.0,0.0317951771360524
204,0.6345047503205233,0.36549524967947666,0.36977358686078443,0.38658618724418425,0.10533132998290244,0.0,0.08463292057406352,0.0,0.05367597533806538
205,0.6300766030509146,0.3699233969490854,0.43102318878553647,0.3299882090921001,0.1569238831390017,0.0,0.08206471898336172,0.0,0.0
206,0.6621256025378689,0.3378743974621311,0.22159538723192435,0.4658605384328203,0.27162235035466875,0.026257933380345957,0.014663790600240595,0.0,0.0
214,0.6719549046954905,0.32804509530450954,0.13288074029231167,0.44313759404998704,0.37682694802386923,0.0,0.018507307792095477,0.0,0.028647409841736575
215,0.6065231552765604,0.3934768447234395,0.21046207923450583,0.5052359215954305,0.21034002978006688,0.0,0.03280689335318671,0.0,0.041155076036810116
216,0.622814498933902,0.3771855010660981,0.2000684697021568,0.42311993609494464,0.2493894784891019,0.0,0.028734451671801893,0.0,0.09868766404199475
217,0.6373418000617366,0.3626581999382634,0.2230332802878295,0.13910606794437141,0.12239673424202588,0.0,0.026845637583892617,0.44329896907216493,0.04531931086971563
218,0.6718765569173393,0.3281234430826607,0.38016949152542373,0.3014406779661017,0.27629237288135594,0.015614406779661017,0.01620762711864407,0.0,0.010275423728813559
219,0.6521941343838914,0.34780586561610854,0.3087797306934016,0.5038592222828139,0.13177985653760643,0.010591887243592432,0.0143672133898234,0.0,0.03062208985276228
220,0.638435120203076,0.361564879796924,0.2978061558611657,0.5151089905510338,0.14928898867995136,0.016488913836654503,0.0,0.0,0.021306951071194687
221,0.5465645986944067,0.4534354013055934,0.13719424872543964,0.5894197170189609,0.1603081858280346,0.0,0.0467147849000401,0.0,0.06636306352752477
222,0.5555396254714692,0.44446037452853077,0.15176781212157306,0.7041669148154766,0.1161137911182578,0.01163321620709507,0.0,0.0,0.016318265737597523
225,0.6696300102774922,0.3303699897225077,0.40716368659350777,0.04790499577929552,0.47306423144808535,0.0,0.02503645153863863,0.0,0.04683063464047272
226,0.6928302081719097,0.3071697918280903,0.39332712022367194,0.0960484622553588,0.46534948741845295,0.0,0.036029822926374654,0.0,0.00924510717614166
227,0.629875173370319,0.370124826629681,0.5168450257629805,0.2156603690491919,0.22497467741225172,0.0,0.04251992777557581,0.0,0.0
233,0.6318383825738608,0.36816161742613923,0.2984867622656463,0.5365678480322956,0.10530747702900166,0.012779552715654952,0.02565817173143126,0.0,0.02120018822597023
234,0.6650678855493242,0.33493211445067583,0.34858589740691337,0.4464992200393371,0.15063414193023308,0.0,0.03660163226550313,0.0,0.017679108358013246
235,0.7177834388348515,0.2822165611651485,0.4262130527523347,0.3451755722454247,0.16327591460682214,0.0,0.02855401602466436,0.0,0.03678144437075409
236,0.670458539702828,0.3295414602971721,0.37539319416642836,0.4150224001525117,0.12627490229720714,0.009984748832332475,0.02409207892479268,0.0,0.04923267562672767
237,0.6708772882993013,0.32912271170069873,0.42300857085011134,0.38494589791465145,0.12154410276021865,0.011000382426382922,0.021100938069421635,0.0,0.038400107979214004
238,0.6914981524501473,0.30850184754985266,0.4944083694083694,0.3224657287157287,0.13807720057720058,0.01424963924963925,0.011386183261183262,0.0,0.019412878787878788
239,0.6453328900340787,0.3546671099659214,0.5398420058389146,0.14255967714236648,0.21503091190108192,0.014146488064571527,0.03975613944702044,0.0,0.04866477760604499
240,0.6877283876457927,0.31227161235420736,0.5616959330361204,0.11897006641797835,0.2681102720407606,0.0,0.04638340460376672,0.0,0.004840323901373851
241,0.6839709999282176,0.31602900007178236,0.394714747491709,0.3422190504176987,0.17511859283825196,0.011208597456026195,0.017946349859367786,0.0,0.05879266193694639
242,0.6076680972818311,0.3923319027181688,0.3146482719653451,0.44891232696110744,0.12044448629814483,0.007580751483190508,0.026815142668801206,0.0,0.08159902062341087
243,0.7239772757439804,0.27602272425601954,0.5891498450763618,0.10686980914141136,0.24826283849439892,0.0,0.03268980437453019,0.0,0.023027702913297764
244,0.67714300526193,0.32285699473806995,0.32960744157559285,0.38168698681263996,0.2025188049074588,0.015158765096560568,0.03693991999540643,0.0,0.03408808161234138
246,0.7158664295593756,0.2841335704406244,0.5527095408961266,0.14203698592326802,0.23820038642009383,0.014555156868157145,0.04112613855920508,0.0,0.011371791333149323
247,0.678381596909582,0.32161840309041795,0.5619541017297482,0.1658674430553177,0.19613803733516014,0.019052920020551464,0.036864189073471484,0.0,0.020123308785750985
248,0.5987811196920724,0.4012188803079277,0.3402835009065436,0.43625350255480466,0.1376091972968518,0.010919729685182133,0.02043843744849184,0.0,0.05449563210812593
251,0.6999840586641161,0.30001594133588394,0.40756920146580816,0.2644251671808037,0.25252065174634064,0.009130245750605578,0.031179478685741495,0.0,0.0351752551707004
252,0.6667939255111563,0.33320607448884365,0.4599105116949764,0.3367262548508175,0.17040948321564137,0.01562864473991136,0.017325105498653435,0.0,0.0
253,0.6768796871995385,0.3231203128004615,0.4944886363636364,0.10831439393939393,0.3027840909090909,0.012064393939393939,0.04619318181818182,0.0,0.03615530303030303
254,0.7127113813414403,0.28728861865855976,0.46865451264278246,0.24176117137993972,0.21893648873121013,0.018928285790455877,0.051719541455611834,0.0,0.0
256,0.6627127385250129,0.3372872614749871,0.5224536507209888,0.1973907072556649,0.2206683451590753,0.01496910048065919,0.04451819638361181,0.0,0.0
257,0.6752354707358204,0.32476452926417965,0.4927006558242472,0.15636230736431747,0.2783090698666017,0.0,0.04192808267852429,0.0,0.030699884266309315
258,0.600530065066188,0.399469934933812,0.16130764740221834,0.5952831290134267,0.2011908931698774,0.0,0.03596030356100409,0.0,0.0062580268534734385
259,0.5753624496179992,0.42463755038200085,0.14941056538672662,0.5413911179653397,0.21337271610424235,0.009906683744151398,0.02883132498627702,0.0,0.05708759181326293
260,0.6800158044760534,0.3199841955239466,0.37273293214359826,0.4113094002905167,0.15252126997302345,0.0,0.030275990869474995,0.0,0.0331604067233866
261,0.6606885644081679,0.33931143559183213,0.46218954388064803,0.27666395930406534,0.18133629718291797,0.007609113837472748,0.03238148163980678,0.0,0.03981960415508913
270,0.6399818459172224,0.3600181540827776,0.3992396186273737,0.35156804034355055,0.19240012607359547,0.01006618863761721,0.03561579071783153,0.0,0.011110235600031519
272,0.6446248077345639,0.3553751922654362,0.5176931762500266,0.16924092971729265,0.21063507957135857,0.012207332921451245,0.031871151920577774,0.0,0.058352329619293125
273,0.6754246628630706,0.3245753371369295,0.3199587242926736,0.384344028221065,0.19070816635069954,0.0,0.015646372777231167,0.06623311175637733,0.023109596601953396
274,0.6768408368372475,0.32315916316275256,0.5028883122786416,0.1799844694028296,0.22208753953673366,0.0,0.030379363245516013,0.0,0.0646603155362791
275,0.6738799059762092,0.3261200940237909,0.4852969156290299,0.28843836543136797,0.1330359596642919,0.014269708052343403,0.04788279813119675,0.0,0.03107625309177008
276,0.5382090186022963,0.4617909813977037,0.3053650543181404,0.3270316198337076,0.22419129695939796,0.0,0.06199550889118165,0.0,0.08141651999757238
277,0.612344449975112,0.387655550024888,0.4313119817915786,0.332001765102074,0.1437164688668509,0.009661611352393339,0.047982906379914994,0.0,0.03532526650718815
278,0.6289300493212601,0.37106995067873993,0.2454355637564339,0.4919393998251918,0.1820433135864815,0.025589977663397104,0.0,0.0,0.05499174516849568
279,0.7208816584935523,0.27911834150644765,0.5330141990749906,0.05060557525149819,0.3929670487879497,0.0,0.018374214911728182,0.0,0.0050389619738333905
280,0.628649906638162,0.371350093361838,0.14547685155291534,0.5499881621144616,0.23873786616732312,0.04590947246077355,0.0,0.0,0.019887647704526376
281,0.588377424801966,0.4116225751980341,0.13533062672079893,0.5573755191562836,0.22399552008959822,0.034835969947267724,0.015189696206075878,0.0,0.03327266787997574
282,0.6904840406324085,0.3095159593675914,0.4119011346324382,0.3659019077286887,0.1481388844675868,0.0,0.0642124650401328,0.0,0.009845608131153505
283,0.6188547882921285,0.3811452117078716,0.33993800941338537,0.37373435885661804,0.19136723682700035,0.0,0.015015497646653657,0.0,0.07994489725634256
284,0.6937256241637487,0.30627437583625133,0.5024108993167409,0.15655456839772658,0.26435767486714407,0.013726737386379959,0.0,0.0,0.06295012003200853
285,0.600441565232548,0.399558434767452,0.2017272243456384,0.5767816536842615,0.13832309255406647,0.015651458706275097,0.029706323479607142,0.0,0.03781024723015144
286,0.6558854425830707,0.3441145574169293,0.3637570597656579,0.43854842788502063,0.15946640815982466,0.014667453426620585,0.011611733962741297,0.0,0.011948916800134874
287,0.7101519470814536,0.28984805291854643,0.5677845548258862,0.07878480815324357,0.30477229767913167,0.0,0.028781885145273495,0.0,0.01987645419646511
288,0.7332677710676492,0.2667322289323508,0.60588601975859,0.09771623944539942,0.25459491112412397,0.0,0.04180282967188651,0.0,0.0
289,0.6948562487776256,0.30514375122237436,0.5830518651955265,0.1309765067927644,0.23435037153794192,0.0,0.05162125647376717,0.0,0.0
290,0.6572107548554863,0.3427892451445137,0.3273257354890008,0.32812085873310365,0.31219946234523493,0.014369012911286963,0.007724054371284692,0.0,0.010260876150088978
291,0.7051734538034062,0.2948265461965938,0.4894712894712895,0.12705432705432707,0.3111657111657112,0.0,0.02660842660842661,0.0,0.0457002457002457
292,0.6492461121879762,0.3507538878120237,0.4487670358721911,0.3365239983590866,0.13651488217329869,0.0,0.03625962897123843,0.0,0.04193445462418524
293,0.7107276618512574,0.28927233814874265,0.4574283886024015,0.06423382391688938,0.4378740542778635,0.0,0.01987428012195581,0.0,0.020589453080889827
294,0.6808395972202524,0.31916040277974755,0.446506686664167,0.3756197142023914,0.14269049702120568,0.016518768487272423,0.018664333624963548,0.0,0.0
295,0.6726959768941273,0.32730402310587275,0.3679417122040073,0.43609593199757135,0.16172261254228468,0.01355277994622257,0.02068696330991413,0.0,0.0
296,0.5548188663368492,0.4451811336631509,0.2813137388211914,0.4253700120286596,0.17083311542283353,0.0,0.07013231525547826,0.0,0.05235081847183725
297,0.6926480358480698,0.3073519641519302,0.4694081632653061,0.19946938775510203,0.23579591836734695,0.018551020408163265,0.051571428571428574,0.0,0.02520408163265306
298,0.6466831104764378,0.35331688952356227,0.4108885052394909,0.3708796723812583,0.15708435379612157,0.0,0.028044324888585537,0.0,0.0331031436945437
299,0.6302288191553501,0.3697711808446499,0.5109673598615129,0.17714051431565042,0.2339931211990069,0.0,0.059472017857549596,0.0,0.01842698676628021
300,0.6070965812817701,0.39290341871822987,0.2944156483805146,0.5482796632033211,0.08738888758589958,0.008161925088538123,0.0,0.0,0.061753875741726666
301,0.6738523274478331,0.3261476725521669,0.33619970939234417,0.1246754484171411,0.48795883852218863,0.0,0.051166003668326146,0.0,0.0
302,0.679995051682428,0.32000494831757204,0.49970689899132825,0.20810171615694043,0.2287198560772978,0.0,0.025348183784439367,0.0,0.03812334498999414
303,0.5803394138360117,0.41966058616398827,0.24320255474452554,0.4677463503649635,0.12926551094890512,0.0,0.0,0.0,0.15978558394160583
304,0.6357566867279931,0.36424331327200693,0.42340535644973476,0.4211195928753181,0.12364687109155993,0.01117005218441368,0.020658127398973564,0.0,0.0
305,0.7319174541525922,0.2680825458474078,0.5615470852017937,0.10902466367713004,0.2516068759342302,0.024813153961136022,0.033949925261584454,0.0,0.01905829596412556
306,0.6717624026325655,0.3282375973674345,0.4622889150699655,0.07246646410781092,0.41100845373183686,0.0,0.03385626588950208,0.0,0.020379901200884645
307,0.7105428255608999,0.2894571744391002,0.5178060881264716,0.07090901446350488,0.3099562731247898,0.03222754793138244,0.056781870164816686,0.0,0.012319206189034645
308,0.7058081290865292,0.2941918709134707,0.5383101287538148,0.13760225364320927,0.25954818787583295,0.0,0.03098759412752587,0.0,0.03355183559961717
309,0.6984072022160664,0.3015927977839335,0.5353495290034705,0.16442240951908776,0.23403073872087257,0.017352503718393655,0.04115022310361924,0.0,0.007694595934556272
310,0.7252581535630304,0.27474184643696964,0.5422555066079295,0.11499559471365639,0.27934801762114536,0.0,0.02555066079295154,0.0,0.03785022026431718
311,0.6470290321256006,0.35297096787439947,0.5601015443198646,0.18766659614977788,0.17368309710175586,0.012777660249629787,0.03621747408504337,0.0,0.029553628093928495
312,0.7203943008614977,0.2796056991385023,0.4322378860704183,0.18979831198399374,0.2991283950049445,0.0,0.0,0.0,0.07883540694064348
313,0.5753327262975391,0.424667273702461,0.271609756097561,0.4010623306233062,0.22707859078590786,0.0,0.026341463414634145,0.0,0.07390785907859078
314,0.7044277757563884,0.2955722242436116,0.408983451536643,0.3160696902874625,0.2183880644456364,0.01831654647674673,0.03357371317321255,0.0,0.004668534080298786
315,0.7407753449513209,0.2592246550486791,0.5459813186612317,0.13550368325808398,0.26683970972636045,0.014751311532345037,0.030398303690569763,0.0,0.006525673131409143
316,0.6313205411087878,0.3686794588912122,0.20373657340481985,0.4610880345477502,0.2791633881681275,0.027081922816519974,0.010741276144119747,0.0,0.01818880491866274
317,0.6797204221676194,0.3202795778323806,0.5144970968346132,0.207866641693201,0.13908971717550103,0.010151713804083161,0.05334332271961041,0.0,0.0750515077729912
318,0.6989637832071925,0.30103621679280745,0.16667272264815958,0.3401039206424185,0.46500853893390504,0.02290977798771847,0.0,0.0,0.005305039787798408
319,0.7199345056985199,0.2800654943014801,0.5273365448326498,0.07501656488959725,0.32211099371429597,0.010207553589656346,0.05084078007199012,0.0,0.014487562901810499
320,0.5532017052481485,0.44679829475185145,0.21427632098051078,0.5033271087030852,0.13918623918360906,0.0,0.026879882170379527,0.0,0.11633044896241551
321,0.6946319018404908,0.3053680981595092,0.36720929765752025,0.32971356309841626,0.2256167325719103,0.051546598687247834,0.024207631626487886,0.0,0.0017061763584174713
322,0.6110558219487922,0.3889441780512078,0.2776872964169381,0.3880416543282993,0.2473349126443589,0.04049452176488007,0.0,0.0,0.04644161484552364
323,0.5062046497852806,0.4937953502147194,0.16577931195881113,0.47937631640533584,0.22788439035806224,0.0,0.08030072548560731,0.0,0.046659255792183475
324,0.5195062576074405,0.48049374239255954,0.13111651797783186,0.39181760836262053,0.37256315520711303,0.014358234958397165,0.04079180559310324,0.0,0.049352677900934186
325,0.550171137189159,0.449828862810841,0.20190445960958578,0.42463101095064276,0.24237422631328362,0.0,0.05357879701634661,0.0,0.07751150611014125
326,0.6494488792082052,0.35055112079179485,0.4886300814506321,0.11023476946891239,0.28926031032322264,0.012014889617808572,0.06003759259941768,0.0,0.03982235654000663
327,0.6348016244923461,0.3651983755076539,0.33841863517060367,0.41083145856767905,0.11794619422572178,0.010850206224221972,0.03470659917510311,0.0,0.08724690663667041
328,0.6496711435361742,0.3503288564638258,0.4573992938874474,0.34246458803011615,0.12688757497128758,0.012165553617763409,0.018524820281594283,0.0,0.04255816921179123
329,0.5937253537462306,0.4062746462537694,0.2737590592096267,0.4942470356117286,0.16954152097048308,0.025766247973276552,0.02211326209685296,0.0,0.014572874138032077
332,0.6195195987857991,0.38048040121420085,0.3913636266803008,0.34707398649368354,0.18227136192241325,0.016510087130653373,0.029079056688183037,0.0,0.03370188108476598
333,0.6392168992558359,0.36078310074416403,0.4669532050552203,0.11626152795172492,0.3171325287487191,0.013250028464078334,0.0346550153706023,0.0,0.051747694409655015
334,0.6540612751214786,0.3459387248785214,0.14227678771827446,0.5448669030838982,0.2665305023118014,0.030255420388741752,0.016070386497284195,0.0,0.0
335,0.6438285291943828,0.3561714708056172,0.19398461715072896,0.4226150843760762,0.3406727126621513,0.01630122833199403,0.016094593043278614,0.0,0.010331764435770864
336,0.6321583494331644,0.36784165056683554,0.1399492561411602,0.49212893553223386,0.10370776150386345,0.0,0.026813516318763695,0.13026179218083267,0.10713873832314612
337,0.6027039627039628,0.3972960372960373,0.20632219471947194,0.5391398514851485,0.18468956270627063,0.0,0.0,0.0,0.06984839108910891
338,0.7237794606407357,0.27622053935926427,0.41942044787385724,0.3577748888702508,0.14801224524029188,0.0,0.030822779501803236,0.0,0.043969638513796865
339,0.7524781703489637,0.24752182965103633,0.5357105985835519,0.143482480229605,0.2765377547438624,0.01172802543825236,0.02506658958105346,0.0,0.007474551423674919
340,0.5327775672603259,0.4672224327396741,0.5005689900426743,0.255448079658606,0.1955049786628734,0.021422475106685632,0.021450924608819345,0.0,0.005604551920341394
341,0.6876670928745786,0.3123329071254214,0.49118914807302233,0.29904073698444894,0.1584263015551048,0.0,0.0,0.0,0.051343813387423935
343,0.7040744621833199,0.29592553781668,0.36539370699164786,0.09344959815096916,0.49776750538425174,0.00971791773913957,0.025389154453607888,0.0,0.008282117280383814
344,0.7218999110923585,0.27810008890764154,0.4041664927149,0.35312904437857473,0.16849663925186825,0.007994823195424373,0.0318957959337035,0.0,0.03431720452552916
346,0.5612839977879442,0.4387160022120557,0.08965918760356487,0.7087196023108961,0.13354830041649873,0.0,0.025639303148372074,0.0,0.04243360652066819
349,0.6565043678472269,0.34349563215277307,0.3618509273203639,0.4514471974088668,0.13560126255853774,0.010005570111195924,0.03661832360283044,0.0,0.004476718998205186
350,0.633743451223675,0.36625654877632496,0.3607409662537177,0.35294255403854713,0.19126015784173672,0.04421442120793424,0.02388702840682888,0.0,0.026954872251235332
351,0.460143233332513,0.539856766667487,0.20166336845483232,0.4929667861154196,0.20829544846766862,0.0,0.0,0.0,0.09707439696207948
352,0.5844539243871526,0.4155460756128474,0.231745695924682,0.5039536667283738,0.17501917330018776,0.0,0.0,0.0,0.08928146404675641
353,0.700083948217205,0.299916051782795,0.33116650888818766,0.4267802671715578,0.19585568528452718,0.0,0.017713263910802565,0.0,0.028484274744924792
354,0.664887842321748,0.335112157678252,0.2656210473058437,0.21001310857116573,0.4749672285720856,0.011682726582802474,0.01379849596393993,0.0,0.023917393004162547
355,0.5745037285220821,0.42549627147791796,0.19717691990090835,0.4229201073492981,0.24187138728323698,0.04727497935590421,0.029417836498761354,0.0,0.061338769611891
356,0.6575918669333845,0.3424081330666155,0.24423377435149496,0.5376393374309824,0.1420356287113241,0.015272424210855298,0.015105740181268883,0.0,0.045713095114074384
357,0.6106122448979592,0.3893877551020408,0.21360665478312538,0.45579747050335284,0.26888634241575415,0.016339869281045753,0.015278838808250574,0.0,0.030090824208471267
358,0.5519106317411402,0.4480893682588598,0.2715877048493816,0.383734889304559,0.22633239342248526,0.01783969401714174,0.02465172115357771,0.0,0.07585359725285463
359,0.7294887456646587,0.2705112543353413,0.44554588851247307,0.3009701262704034,0.16628811210348013,0.0,0.02182784108407761,0.0,0.06536803202956576
360,0.712186655879321,0.2878133441206791,0.49471389046668013,0.2087326163035711,0.210271726185023,0.0,0.036425600527694814,0.0,0.04985616651703098
361,0.584061236051276,0.41593876394872403,0.20941983217540378,0.4803527925651899,0.18156185148425516,0.0,0.034625101506812236,0.0,0.09404042226833889
362,0.7289980788263375,0.27100192117366245,0.3673734227759144,0.05007187350263536,0.5200447212905287,0.014554384283660756,0.03449928126497365,0.0,0.013456316882287175
363,0.6146917593724835,0.38530824062751645,0.13466763706938378,0.5369238233867055,0.2336972343522562,0.06724890829694323,0.0,0.0,0.027462396894711305
364,0.6328155811060886,0.36718441889391135,0.2361034540616985,0.4306431122510127,0.2816462523071023,0.014957213739543134,0.018480788130108585,0.0,0.018169179510534768
365,0.652371707571499,0.3476282924285011,0.2551523496491072,0.41087767611264103,0.281447099582482,0.020676023807408725,0.024806786888158478,0.0,0.007040063960202541
366,0.6320171228025999,0.3679828771974001,0.2223162927363729,0.436041734106925,0.2762767997211086,0.013994372369829927,0.026893099927787045,0.0,0.024477701137976544
367,0.7103711459510098,0.28962885404899014,0.5439559373969707,0.19839807613986774,0.20101623256986598,0.0,0.05662975389329558,0.0,0.0
368,0.6217160728855045,0.3782839271144955,0.3753854902561186,0.3522451389952101,0.20244526585157804,0.0,0.021959274731523808,0.0,0.04796483016556943
370,0.5205462912032627,0.47945370879673727,0.1093528517306255,0.5927166825597279,0.2274425916857813,0.0349217803664854,0.01737068632251746,0.0,0.018195407334862503
371,0.5483773078643072,0.45162269213569284,0.06526867627785059,0.7196446774428426,0.14244939566040485,0.0,0.026154070190767438,0.0,0.046483180428134555
372,0.6064493425893343,0.39355065741066575,0.07464261222767316,0.5309911905892283,0.3419581157356122,0.01577253784881574,0.023474178403755867,0.0,0.013161365194914808
373,0.5672616594274119,0.4327383405725881,0.09252738654147105,0.6414319248826291,0.12536329085624862,0.0,0.03054437737536329,0.0,0.11013302034428794
375,0.6733109261822169,0.3266890738177831,0.14364272176396786,0.424868529937802,0.10416166146125304,0.0,0.027949067029710898,0.29937801980726625,0.0
377,0.681736662150829,0.31826333784917105,0.41581816117188386,0.34496006661872136,0.18310685491502326,0.0,0.017506340133994474,0.0,0.038608577160377
378,0.6502768834513845,0.3497231165486156,0.4963956113597655,0.17348595872776965,0.22168970570760882,0.0,0.043232859349625695,0.0,0.06519586485523032
379,0.7313603073598272,0.2686396926401729,0.5277846179102027,0.06714273988344414,0.32773126487728804,0.009172617581876385,0.043646885003693674,0.0,0.024521874743495035
380,0.6553126666158885,0.3446873333841115,0.3178204472546376,0.49263099167790225,0.11120926123948115,0.011390580687154215,0.03635687386675345,0.0,0.03059184527407132
381,0.6472960333645104,0.35270396663548964,0.29363274587834,0.34880140231191964,0.22662023877202955,0.008669698692438886,0.0230955088118249,0.0,0.09918040553344704
382,0.6641767281411702,0.33582327185882976,0.46950598294013063,0.20304041231347011,0.23060788269841587,0.016780199364749594,0.028326574641922533,0.0,0.05173894804131125
383,0.7374663664817968,0.2625336335182033,0.5945085629188385,0.07064408041697692,0.2823529411764706,0.008972449739389427,0.02313849590469099,0.0,0.020383469843633657
384,0.6887290437916133,0.3112709562083867,0.48011363636363635,0.09746975147155003,0.3597531066056246,0.013387017658600392,0.03345732504905167,0.0,0.015819162851536953
385,0.5929985232953545,0.40700147670464554,0.18756711064403372,0.47291585753124216,0.16179662333508488,0.0,0.0,0.0,0.17772040848963927
386,0.696381057621007,0.30361894237899295,0.5984131955318926,0.12673556738699238,0.19321432299822527,0.0,0.05107004906566447,0.0,0.03056686501722518
387,0.44309177671734545,0.5569082232826545,0.11781501239762567,0.5274375735717685,0.2659854233977008,0.02291682320234428,0.015202745009642598,0.0,0.050642422420918175
388,0.5047212674331318,0.49527873256686816,0.11021526418786692,0.5012654924983692,0.3263666014350946,0.027345075016307892,0.0,0.0,0.03480756686236138
389,0.6054913877721155,0.3945086122278845,0.11114565521529612,0.4045213297506162,0.44658124403188915,0.017721125446914347,0.01550043303502032,0.0,0.004530212520263819
390,0.6044161910352321,0.3955838089647679,0.2632709990701519,0.3874987085442711,0.15433412542618039,0.0,0.061679925612150015,0.0,0.1332162413472466
391,0.7269038701622972,0.2730961298377029,0.562434130918459,0.06374175416682931,0.32579335649322766,0.0,0.029079979702564502,0.0,0.01895077871891955
392,0.6343581261857275,0.3656418738142725,0.5167746635481768,0.20518768452129904,0.17786894674283962,0.012997967869330164,0.02641769870787163,0.0,0.06075303861048273
393,0.5862377775747053,0.4137622224252947,0.07519640852974187,0.43668163112607555,0.310231949120838,0.0,0.027185434592842,0.05053622646215239,0.10016835016835017
394,0.5135230551973967,0.4864769448026033,0.18780451352563143,0.45885517859811686,0.19913316395157674,0.0,0.03694515020176356,0.0,0.11726199372291138
395,0.6359783117276305,0.36402168827236947,0.35619076470333666,0.3924784697277881,0.15882632968364566,0.0,0.04070195178950102,0.0,0.05180248409572857
397,0.6537267080745341,0.34627329192546585,0.43458654988123513,0.26829720902612825,0.22071704275534443,0.01360228622327791,0.03288301662707838,0.0,0.029913895486935866
398,0.6392518397855798,0.36074816021442024,0.41627961614226594,0.32228507400646994,0.1768745594852981,0.013988036072506461,0.037482153506948834,0.0,0.033090560786510764
399,0.6642047953411486,0.3357952046588514,0.2524373815558143,0.5644678859282599,0.11877525857935475,0.008699225974381808,0.01956755028883257,0.0,0.03605269767335662
400,0.7514004730486742,0.24859952695132578,0.5754914954716147,0.07002429865252927,0.28734997422870184,0.016475222737648183,0.05065900890950593,0.0,0.0
401,0.7208001487495739,0.2791998512504261,0.48294245362110105,0.2588404737849051,0.1940282465229261,0.01261849996775511,0.024205163481588167,0.027365162621724455,0.0
402,0.6938846706341063,0.3061153293658937,0.41333215035637183,0.0711856386596871,0.37831603229527105,0.0,0.033359950314967614,0.08286753615473338,0.020938692218969036
404,0.624295734161205,0.37570426583879496,0.4152085827424256,0.3952712036099088,0.13332258955704945,0.013767381895202137,0.04243024219541394,0.0,0.0
405,0.6523614319477641,0.3476385680522359,0.35336499099394136,0.3759006058621254,0.16755362698542656,0.0,0.030825282462747666,0.0,0.07235549369575897
408,0.6479099397853216,0.3520900602146784,0.13056947362749852,0.4625828349765638,0.14910295781477292,0.0,0.02233177091751522,0.1992618932169603,0.0361510694466893
409,0.6867605479151225,0.3132394520848774,0.5284794947637701,0.09822927492205612,0.30250219841713966,0.020465265009193382,0.05032376688784075,0.0,0.0
410,0.6961891939354914,0.30381080606450855,0.5881611031699319,0.0980829059110401,0.23299419826788867,0.022260993861935592,0.05850079878920373,0.0,0.0
411,0.7139293429029336,0.2860706570970664,0.5385726555789803,0.22327633325525104,0.2000078082298743,0.0,0.03814320293589443,0.0,0.0
412,0.7402835338117861,0.25971646618821387,0.5642185393162539,0.04275546604311389,0.355169059038386,0.008363344655140043,0.02517537421700319,0.0,0.0043182167301029206
413,0.62205291432028,0.37794708567972,0.34361325276099186,0.37954666481442895,0.19601305827602972,0.0,0.08082702414854946,0.0,0.0
414,0.5645131968202026,0.4354868031797974,0.19354744269110286,0.45946658078871094,0.24088766577861054,0.01662909506104166,0.02207453816201657,0.0,0.06739467751851744
415,0.586784933397429,0.41321506660257107,0.16035940803382664,0.45039640591966174,0.33271670190274844,0.01638477801268499,0.0,0.0,0.040142706131078225
416,0.6548353449560423,0.34516465504395766,0.18126791971965595,0.408455832157648,0.33076958084922403,0.007258908660628954,0.029240431438583715,0.0,0.04300732717425932
417,0.6328048937303672,0.3671951062696328,0.22985369252206223,0.36994890849976775,0.3220506270320483,0.0,0.019652810032512773,0.021017185322805387,0.03747677659080353
418,0.6395002495532193,0.3604997504467808,0.3233887210473313,0.4126132930513595,0.16583585095669687,0.011329305135951661,0.028801611278952668,0.02824773413897281,0.029783484390735145
420,0.6965334179662142,0.30346658203378585,0.4302549551602013,0.07014891369633204,0.4194229853157426,0.014518567611788828,0.06395625789615393,0.0,0.0016983203197812895
421,0.6836116347966604,0.3163883652033396,0.49488821038116815,0.17447059982271249,0.22194425293016842,0.028700876588200534,0.05515611149413966,0.0,0.024839948783610757
422,0.7319125731381999,0.2680874268618001,0.3207345804554882,0.05831537826463422,0.5548418275910675,0.010229355027083628,0.05396588872555929,0.0,0.0019129699361672137
423,0.6538540455509199,0.3461459544490801,0.5421757322175732,0.13290794979079498,0.23234309623430963,0.015585774058577405,0.038514644351464435,0.0,0.038472803347280336
424,0.7218918599614067,0.2781081400385933,0.4933900678268143,0.13187132907824634,0.29445565799283546,0.01818413252595785,0.042350844652955834,0.0,0.019747967923190224
425,0.6663683939369289,0.33363160606307113,0.4832756866734486,0.18553407934893185,0.21593082400813834,0.01688708036622584,0.062278738555442525,0.0,0.03609359104781282
426,0.5615890983287991,0.43841090167120095,0.24468522243128096,0.4821254784921819,0.16403901468457363,0.0,0.0,0.0,0.10915028439196349
427,0.6511075181891673,0.34889248181083266,0.3410642894390504,0.29298999279878823,0.2793573539271436,0.011000471803531076,0.03074172481438256,0.0,0.04484616721710412
428,0.617668964424372,0.3823310355756279,0.4083585612396737,0.2543229514084868,0.1944430191390015,0.009312945764277285,0.048668479655190104,0.0,0.08489404279337062
429,0.7300720441773433,0.2699279558226567,0.5523626648856237,0.17331774920687928,0.21043579896476874,0.011437635665386543,0.04017365169477375,0.0,0.012272499582568042
430,0.6568488289567069,0.3431511710432931,0.4058910577126348,0.3142602118713739,0.1828153994315646,0.02924388697061518,0.04411246564724121,0.0,0.023676978366570362
431,0.6456435253703376,0.3543564746296623,0.22926962629597694,0.2870602090387163,0.2935795251414271,0.1492082185442998,0.024079409476141407,0.0,0.016803011503438412
432,0.5640405416915084,0.4359594583084916,0.23695337037931868,0.4536723846339696,0.24320488040589514,0.028026093259241363,0.03436820488040589,0.0,0.0037750664411693646
433,0.5421410499683744,0.4578589500316256,0.2481551698993729,0.48551844830100627,0.17059938748723932,0.0,0.03902581303777162,0.0,0.05670118127460989
434,0.6048101303361456,0.39518986966385433,0.3294270514109196,0.37287013655642454,0.23060138762901763,0.015445340655568903,0.023707372085611318,0.0,0.027948711662458017
435,0.6581364152306264,0.3418635847693736,0.41517717152712447,0.36883483402768447,0.1533396048918156,0.0,0.0,0.0,0.06264838955337544
437,0.6240207466637852,0.3759792533362148,0.15578643578643578,0.538066378066378,0.1518037518037518,0.0,0.022510822510822513,0.09598845598845598,0.035844155844155845
438,0.6924306306032055,0.30756936939679447,0.5413039655324013,0.19273718455992261,0.1537852809285149,0.008155280049239426,0.03367625076936604,0.0,0.0703420381605557
439,0.6135865595325055,0.38641344046749454,0.2644429469901168,0.31864330637915544,0.316329739442947,0.0,0.03863432165318958,0.0,0.061949685534591195
440,0.5930153816387733,0.4069846183612267,0.23656490328594734,0.4545094383593568,0.19093451409927756,0.0,0.03232346772314146,0.0,0.08566767653227686
442,0.7221254355400697,0.2778745644599303,0.5970027192247143,0.08995931385577886,0.24534358324303326,0.0104475475864325,0.027805606100877102,0.0,0.029441229989163993
443,0.6306362404307535,0.36936375956924655,0.18832162010416062,0.42473524229927784,0.33604383264602816,0.02396855820797274,0.023271572670422645,0.0,0.0036591740721380033
444,0.6532651692151102,0.34673483078488976,0.42326487252124645,0.10621458923512749,0.4201487252124646,0.020963172804532578,0.026876770538243624,0.0,0.0025318696883852693
447,0.6781638613712324,0.3218361386287676,0.3887667887667888,0.30917970917970916,0.20190920190920192,0.0,0.03276723276723277,0.0,0.06737706737706738
448,0.6792640186915888,0.3207359813084112,0.31206466592140336,0.37761200447157967,0.2106801960615702,0.0,0.04162008771175509,0.0,0.05802304583369163
449,0.6991966999565784,0.30080330004342165,0.5338789451504868,0.12939428216559096,0.2845609599219287,0.0,0.027923791780335796,0.0,0.024242020981657685
451,0.6392754489313868,0.36072455106861323,0.40361030115520735,0.2954125581498876,0.19622943886749616,0.011641106684176552,0.06693079885147016,0.0,0.026175796291762192
452,0.6101201845376275,0.38987981546237255,0.33340557722872416,0.37164667918894184,0.16895439002070992,0.009584356788518036,0.07677117950199874,0.0,0.03963781727110726
453,0.601798788011736,0.398201211988264,0.3428714630701235,0.31669476466031804,0.24670797831138652,0.020595069941222035,0.06502027611974302,0.0,0.008110447897206908
454,0.6300317842109784,0.36996821578902156,0.16176270077172697,0.3877723541763246,0.3118267841073328,0.009844291129230182,0.033514221046603586,0.07289138556352431,0.02238826320525756
455,0.6530196445533514,0.34698035544664857,0.47499789189645,0.12735053545830172,0.31602580318745255,0.0,0.0528501559996627,0.0,0.028775613458133065
456,0.6230404909612434,0.3769595090387566,0.27085653104925056,0.39997858672376874,0.11154175588865096,0.00961456102783726,0.012098501070663811,0.0,0.1959100642398287
457,0.6273087915369193,0.3726912084630807,0.44274445804433565,0.27752844643909513,0.2011423908608731,0.010449249739335418,0.041071671426628584,0.0,0.027063783489732082
458,0.5874547991230318,0.4125452008769682,0.33251744862349747,0.13668088406359055,0.4585352849941838,0.017351686700271422,0.021229158588600232,0.0,0.033685537029856535
459,0.6899303135888502,0.31006968641114985,0.4278571789303571,0.3115751729710621,0.14542194838644512,0.0,0.02287763244280592,0.09226806726932983,0.0
460,0.5312402961413372,0.4687597038586628,0.2171973542531918,0.48201815105368406,0.244116289801569,0.0,0.04497769573911706,0.0,0.011690509152438086
461,0.7087081450250516,0.29129185497494836,0.3845323228001548,0.3507324328178799,0.20830022614754598,0.0,0.02487623005928733,0.0,0.03155878817513192
462,0.6435909169809534,0.35640908301904656,0.5203628785092559,0.2738751992153978,0.16935147725879612,0.014490621552041191,0.010665685913938948,0.0,0.011254137550570063
463,0.6918095187745338,0.3081904812254662,0.5780524616472117,0.1447567009915366,0.1512905259538047,0.0,0.04224060523852282,0.0,0.08365970616892421
464,0.6670981862830145,0.3329018137169854,0.4255076522956887,0.2546563969190757,0.27336200860258075,0.021386415924777434,0.021726517955386614,0.0,0.0033610083024907473
465,0.6590404880754298,0.34095951192457014,0.4317904481380181,0.30547022932884493,0.2008415737428992,0.012244897959183673,0.03172733010730065,0.0,0.01792552072375342
466,0.6251284877917976,0.37487151220820236,0.13797869551747968,0.3274551390510688,0.4517074565688821,0.0,0.044682220050997305,0.0,0.0381764888115721
467,0.6611989845733255,0.33880101542667446,0.4347766822663456,0.30253532645735837,0.17606433731655233,0.008928165750374847,0.034008814575855334,0.0,0.04368667363351356
468,0.6979777666052176,0.3020222333947824,0.5339949577814238,0.11348993557165153,0.26205530433390695,0.021749569810716716,0.04179839129216856,0.0,0.02691184121013246
470,0.6027078403227684,0.39729215967723164,0.0641413491246138,0.553005921730175,0.10649459320288363,0.0,0.0115216271884655,0.181192070030896,0.08364443872296601
471,0.6721644448443868,0.32783555515561325,0.5029548453726548,0.22049457800218028,0.20525178342609063,0.0,0.06686174383690019,0.0,0.004437049362174155
472,0.6629842483522213,0.33701575164777875,0.6279674979405377,0.15258743353553508,0.1910619336478694,0.028383134876057814,0.0,0.0,0.0
473,0.7622795848284909,0.23772041517150905,0.4970810555443072,0.05026321117635149,0.4280556117972599,0.009651076466221232,0.011287710062765742,0.0,0.0036613349530944185
474,0.5814545546661263,0.4185454453338737,0.1809092295292657,0.36375716121724355,0.3443919228004444,0.0,0.0435445574748949,0.0,0.06739712897815148
475,0.6503836871932536,0.3496163128067464,0.4920472785641325,0.2845677596881449,0.16259823643451252,0.015300910967042588,0.0,0.0,0.045485814346167476
476,0.5825206039150936,0.4174793960849063,0.468617136268646,0.20318993058057697,0.19418221998030313,0.01698253705171627,0.05776945064975619,0.0,0.05925872546900147
477,0.6518525790256079,0.34814742097439205,0.5600352832340096,0.1952840945762785,0.119876938964308,0.009616832684322627,0.04410404251199415,0.0,0.07108280802908716
478,0.7180333641445487,0.2819666358554514,0.49745601667381845,0.0636711007580866,0.412533970861685,0.0,0.02633891170641002,0.0,0.0
480,0.6435701702877276,0.35642982971227244,0.41781955525377695,0.32248344932948564,0.18122984213206586,0.0,0.034310813104736035,0.0,0.04415634017993549
481,0.6418658283800294,0.35813417161997063,0.28403695624278197,0.40949142392745624,0.1734676419008512,0.0,0.0558834851790068,0.0,0.07712049274990376
482,0.5900602551799002,0.40993974482009976,0.1674132138857783,0.4463552498266944,0.1598144296912494,0.0,0.059190529515277555,0.0,0.16722657708100036
483,0.6888005339988972,0.3111994660011028,0.44031768770540153,0.3139167439116879,0.1987444172916491,0.009501137608494144,0.008553130530041291,0.0,0.028966882952726047
484,0.7083797779126042,0.29162022208739574,0.574962653122199,0.19531919131560602,0.16621850413305447,0.01473956777213425,0.02690967035155861,0.0,0.021850413305447666
485,0.6635338863930766,0.33646611360692336,0.5589823468328141,0.13387331256490134,0.21611630321910696,0.014454828660436137,0.06533748701973001,0.0,0.011235721703011422
486,0.7358919882119115,0.26410801178808857,0.5116694916832752,0.20727550431203084,0.2171661668560359,0.023301730400283122,0.04058710674837484,0.0,0.0
488,0.7154239813435253,0.2845760186564747,0.5111915972473742,0.14293734154291923,0.25766026801883374,0.0,0.04574429554509236,0.0,0.04246649764578051
489,0.7150522785559282,0.2849477214440718,0.5546359138479648,0.09726130699479482,0.2742923357060089,0.013518733101583623,0.0409792344902426,0.0,0.019312475859405175
490,0.7541608381626652,0.24583916183733479,0.4075518122456705,0.17579256174884073,0.36392542821992996,0.014346550582000567,0.03838364720355825,0.0,0.0
491,0.6274640029753998,0.37253599702460016,0.39961471696515516,0.07167957999915323,0.4273889665100131,0.0,0.037194631440789196,0.0,0.06412210508488929
492,0.5941988397679536,0.40580116023204643,0.22309004398958615,0.5171245174611725,0.2018134482449053,0.0,0.047131699434419604,0.0,0.01084029086991651
493,0.5909714652132093,0.40902853478679063,0.1781428354419392,0.5287211649052755,0.22226080163190903,0.0,0.026605325405264644,0.0,0.04426987261561164
494,0.6859614005736138,0.31403859942638623,0.3897998736961303,0.08168376124213322,0.4272337274885129,0.02848370026785131,0.05574791489732366,0.0,0.017051022408048604
495,0.5502298530795013,0.44977014692049866,0.20458430645510797,0.40100642862302266,0.26316423085257507,0.0,0.026099727927190428,0.0,0.10514530614210386
496,0.7189826486726976,0.2810173513273024,0.4921309378931953,0.07611229141313092,0.3690724201233473,0.01043707844310142,0.028712279037148573,0.0,0.023534993090076523
497,0.6530011925268319,0.34699880747316814,0.42831053934499413,0.2633415851629398,0.22509232579846597,0.014893876060224829,0.030112414268901426,0.0,0.03824925936447385
498,0.5870119989221576,0.4129880010778424,0.3264837716692769,0.39531241561808067,0.182912998865907,0.010692876815898904,0.04552573311011503,0.0,0.0390722039207215
499,0.621400321344704,0.37859967865529603,0.23482173934662623,0.4510218288498831,0.19971657301974044,0.0,0.036770921386306,0.0,0.07766893739744418
500,0.7178533868554754,0.2821466131445246,0.3393310360481192,0.4190206962012257,0.1992447846810969,0.0,0.04240348306955822,0.0,0.0
501,0.7105104115158508,0.28948958848414924,0.49416176925456234,0.25705613980822767,0.17746674914939684,0.0,0.03160763996288277,0.0,0.03970770182493041
502,0.7099768648244744,0.2900231351755256,0.5682480569948186,0.13238746761658032,0.21375080958549222,0.0,0.03606703367875648,0.0,0.049546632124352334
503,0.5744611750811928,0.4255388249188072,0.11481728940741122,0.5499306162306625,0.19961967415326104,0.0,0.04101351698617464,0.0,0.09461890322249061
504,0.6138496610119312,0.38615033898806883,0.1014276068293624,0.41328253110832447,0.4093035593710813,0.03752290923121443,0.01572296710716697,0.0,0.022740426352850392
505,0.7432628855489986,0.2567371144510015,0.23545516769336072,0.1609074019751638,0.5343502493399824,0.017972034809817152,0.02336951207587758,0.0,0.027945634105798377
506,0.6233090848088332,0.3766909151911668,0.17325242837219545,0.4259499400552959,0.28386875779892834,0.024198086662915026,0.03743485601037411,0.0,0.05529593110029116
507,0.6174032325401085,0.38259676745989146,0.17392774343122103,0.4870797913446677,0.23338485316846985,0.0,0.04561920401854714,0.0,0.05998840803709428
508,0.6852175860476184,0.3147824139523816,0.3924296278138661,0.3880581770641827,0.14877231686889733,0.0,0.030436736528169302,0.0,0.040303141724884584
509,0.7302072714916752,0.26979272850832486,0.485605033686042,0.2844194468610274,0.20009306654257794,0.02988245291035264,0.0,0.0,0.0
510,0.7030856506640512,0.2969143493359489,0.4394947685927043,0.20576868696389858,0.2897351305495334,0.010651333773211424,0.030672070883212367,0.0,0.023678009237439908
511,0.657151906752819,0.3428480932471811,0.5146040987873296,0.18134145636121768,0.20945073165088973,0.015577705373151594,0.046887350826119646,0.0,0.03213865700129172
512,0.6404060378353438,0.3595939621646563,0.5004940508048911,0.24558442093128577,0.16351023096875128,0.0,0.05372802503190745,0.0,0.036683272263164396
513,0.7072020263372145,0.2927979736627854,0.5059023463197134,0.10046780206125283,0.32408084204371024,0.0,0.034884145895767854,0.0,0.03466486367955559
514,0.7019550503502111,0.29804494964978895,0.5160255333445322,0.16883924071896522,0.18165630774399463,0.0,0.03633462119939526,0.0,0.09714429699311272
515,0.6162404966891691,0.38375950331083086,0.3426961585187047,0.4583804616480248,0.1454275061790457,0.011352687361233295,0.03177495706086884,0.0,0.01036822923212266
516,0.7226431417785235,0.2773568582214765,0.4255473525730559,0.08871918590941247,0.42872172540768017,0.0,0.021767128008851964,0.0,0.035244608100999476
517,0.7495019791478023,0.25049802085219774,0.49272535855439153,0.11128561812878618,0.3570356051845843,0.0,0.03895341813223797,0.0,0.0
518,0.7543053284424213,0.2456946715575787,0.4126711325508271,0.316700193348046,0.2232876979864461,0.013085170790773978,0.034255805323906804,0.0,0.0
519,0.7432677686761171,0.25673223132388284,0.44506038408235993,0.04413317494885501,0.47503794628126444,0.0,0.03187487626212631,0.0,0.0038936184253943115
520,0.6582637094552942,0.3417362905447057,0.5905594962939348,0.1399537738104726,0.1545987088547063,0.014425759145612498,0.06467681517494221,0.0,0.03578544672033156
521,0.6786684603413258,0.3213315396586743,0.45466205449104125,0.3467293715262933,0.14129970072680634,0.0,0.03682614948113024,0.0,0.020482723774728904
522,0.569845827351601,0.430154172648399,0.21594829946875513,0.5201544443835917,0.14209430965551234,0.020866422038446793,0.0,0.0,0.10093652445369407
523,0.5958782804701336,0.40412171952986636,0.36328019454201566,0.3676033504458254,0.20841214086282986,0.013509862199405566,0.043411690534089886,0.0,0.0037827614158335585
524,0.6142970346582142,0.3857029653417859,0.3301423495598253,0.38475117115893814,0.2232557086926019,0.01993799081177722,0.039061262362233236,0.0,0.002851517414624211
525,0.6516333422995307,0.3483666577004692,0.4606246846764207,0.13415585011236986,0.29390450855386874,0.014768609824336101,0.03930651745172683,0.0,0.05723982938127781
526,0.6511458333333333,0.3488541666666667,0.35841122563247024,0.0940649496080627,0.49608062709966405,0.0,0.051443197659803,0.0,0.0
527,0.6711786489592645,0.32882135104073557,0.470594452900389,0.16465837984102824,0.25879418231016404,0.0,0.08474970404194149,0.0,0.021203280906477252
528,0.7109258918590007,0.2890741081409993,0.43884233364517605,0.3301618264694759,0.163438762714226,0.011226338103863533,0.034375684229383544,0.0,0.02195505483787496
529,0.7051354265574457,0.29486457344255435,0.4517402715964852,0.29907565902088323,0.16747689147552208,0.0,0.08170717790710944,0.0,0.0
530,0.6830153421170225,0.3169846578829774,0.5319984139571768,0.20309278350515464,0.16706978588421886,0.0,0.0545796986518636,0.0,0.04325931800158604
531,0.591754606910728,0.408245393089272,0.3288974779226498,0.3960224075931407,0.1703808801585166,0.016609995352136794,0.03282859169744857,0.0,0.055260647276107536
532,0.6477073269797061,0.3522926730202939,0.4141228639896083,0.33399028017289645,0.16644644016931312,0.0,0.04488141363015386,0.0,0.040559002038028265
534,0.622274527266655,0.377725472733345,0.25334798609691267,0.4267276630545901,0.24989777141688815,0.017302187691678593,0.022030259660601105,0.0,0.03069413207932938
535,0.5917126078619367,0.40828739213806325,0.2594308572585954,0.42845207352271003,0.16056509190338752,0.0,0.03939439971644134,0.0,0.11215757759886577
536,0.6809859154929577,0.3190140845070423,0.3893286134754594,0.382726115663034,0.15114151618805186,0.0,0.029253838199029512,0.0,0.04754991647442527
537,0.5322689048079603,0.46773109519203976,0.21044040652910379,0.38820449645826915,0.21678472436094856,0.0,0.043178318447797966,0.0,0.1413920542038805
538,0.5578593832403476,0.4421406167596525,0.23833217235545825,0.4432033038113245,0.17713205294059112,0.0,0.06182207184794507,0.0,0.07951039904468106
539,0.5857831608654751,0.41421683913452495,0.2839506172839506,0.38758406102579546,0.1586620495834588,0.0,0.0342015457191609,0.0,0.13560172638763424
540,0.7042587456383645,0.2957412543616355,0.5058332803997544,0.2068644265176057,0.22439602786423596,0.010374981473247369,0.05253128374515658,0.0,0.0
541,0.6782888407025001,0.3217111592974999,0.426662996993691,0.31733497057204557,0.16371681415929204,0.00834144895626032,0.04452301308379557,0.0,0.039420756234915526
543,0.7270451831926004,0.27295481680739964,0.5154524949546911,0.09514858929207391,0.29096592932610504,0.010426971627557279,0.03652407898381544,0.0,0.05148193581575719
544,0.6284146406912468,0.3715853593087533,0.18314580353139612,0.4278028054743045,0.3582210645429895,0.018382902406217306,0.0,0.0,0.012447424045092555
545,0.6326154019523602,0.36738459804763984,0.2869294143843242,0.4858828768648408,0.16924961033177466,0.020396348252059673,0.03357826764640392,0.0,0.003963482520596749
546,0.7405283192397109,0.2594716807602892,0.40844876062994845,0.3860417780691011,0.15446845945526366,0.026598588998326806,0.02244148137926276,0.0,0.0020009314680972177
547,0.7048795292006439,0.2951204707993561,0.5077686259827779,0.16166229876450766,0.24970048670909772,0.027180831149382252,0.04419692998876825,0.0,0.009490827405466118
548,0.7168808441728047,0.2831191558271953,0.46408467381997703,0.1605304865829887,0.2977975333831272,0.0200936367114204,0.057493669502486654,0.0,0.0
549,0.7092057711936881,0.2907942288063119,0.47747782791348997,0.14330169597012604,0.30848374046989263,0.0,0.07073673564649137,0.0,0.0
550,0.6465834834754081,0.35341651652459194,0.5055626026742083,0.14741416956060638,0.2341907712782549,0.0,0.06415188504647633,0.0,0.04868057144045416
551,0.5700879371685574,0.42991206283144257,0.3007324023267315,0.4591055742646539,0.16934743188187362,0.0,0.025763605962838235,0.0,0.04505098556390269
552,0.7109491900331794,0.28905080996682064,0.56747803806735,0.09013543191800878,0.2586566617862372,0.0,0.06899707174231333,0.0,0.014732796486090776
553,0.6958019127607,0.3041980872392999,0.5764071613888531,0.10215835280696267,0.2582847259278341,0.0,0.06314975987635012,0.0,0.0
554,0.7484738761584816,0.2515261238415184,0.5868946366510068,0.05971113711381617,0.30190887022127527,0.012050507343823678,0.025952252047713023,0.0,0.013482596622365043
555,0.7235197347115895,0.27648026528841047,0.5071882553039119,0.06604601199534509,0.3746665473099991,0.011547757586608183,0.025476680691075105,0.0,0.015074747113060604
556,0.7277146028983768,0.2722853971016232,0.42360023088975013,0.06959676754349799,0.4567494021604684,0.005071328440669581,0.019584398449740248,0.0,0.02539787251587367
557,0.6791472566419203,0.32085274335807973,0.5397023068255945,0.20356203917847754,0.18021704323074186,0.010575421534325644,0.031370456027990275,0.0,0.03457273320287019
558,0.5462113234040419,0.45378867659595806,0.1476006855184233,0.5147202840004896,0.18303953972334436,0.009731913330885054,0.025676337372995472,0.06674623576937201,0.05248500428449015
559,0.5803143444092999,0.4196856555907001,0.20810271682634227,0.3465569072570449,0.3323968195993594,0.011350546455763773,0.02011631500575956,0.040373107071615205,0.04110358778411485
560,0.6416488058787507,0.3583511941212492,0.4455313649468138,0.305159558604235,0.17234317526593101,0.009682871060741624,0.036623918878616164,0.0,0.03065911124366239
561,0.6488522287555598,0.3511477712444402,0.41781446974681125,0.34260064941955476,0.17625586281542477,0.013136951123750504,0.04306118550903033,0.0,0.007130881385428383
562,0.6446457852755622,0.3553542147244379,0.457814184091399,0.32653589135589567,0.162017676223324,0.0,0.048566501401164044,0.0,0.005065746928217288
563,0.677658586282324,0.32234141371767594,0.5457982357232871,0.17251442594680638,0.22550905352523712,0.0,0.0,0.0,0.05617828480466936
564,0.7047886845964585,0.2952113154035415,0.42197764402407567,0.05102321582115219,0.4906448839208942,0.0,0.036354256233877905,0.0,0.0
565,0.6349425923364227,0.36505740766357725,0.36301137739046235,0.3866860324376664,0.15490196078431373,0.0,0.05877511498426531,0.0,0.03662551440329218
566,0.7039462526906268,0.29605374730937317,0.47204462482163045,0.11587998739830618,0.3551083189711088,0.009729248901984767,0.0413261429550972,0.0,0.005911676951872649
567,0.6318037375003644,0.36819626249963555,0.5266363657337978,0.21452137600073828,0.1938029208868791,0.0,0.06503933737858478,0.0,0.0
568,0.6557641516168178,0.3442358483831822,0.47989462913373826,0.31406613981233533,0.15098077634815926,0.0,0.0550584547057671,0.0,0.0
569,0.49913630653266333,0.5008636934673367,0.5287347281212312,0.1355198993235803,0.23297152745005506,0.0,0.06559697970740916,0.0,0.037176865397724294
570,0.7524496036946889,0.24755039630531112,0.37150085016381207,0.07019035375108862,0.5190561108115954,0.0,0.03543731597063825,0.0,0.0038153693028656743
571,0.589276987576841,0.410723012423159,0.36814997490233736,0.3661421618908361,0.10695969097138866,0.0,0.07398354466292748,0.0,0.08476462757251042
572,0.7146911780022914,0.2853088219977086,0.5030422268371771,0.08939046161693445,0.33326046562465844,0.014609975589317594,0.05969687033191241,0.0,0.0
573,0.7147792171611645,0.2852207828388355,0.5792376349534241,0.12620337529718986,0.22498733289160852,0.014888724324745684,0.037241298670928014,0.0,0.01744163386210391
574,0.6860102925243771,0.313989707475623,0.38523344191096637,0.43506070476754516,0.14823808113710393,0.012022505182114302,0.012318625999407758,0.0,0.0071266410028625014
575,0.6454278369445464,0.3545721630554535,0.3870757976021134,0.06565738671001829,0.4699451331030278,0.00951026214184109,0.053403779719569194,0.0,0.014407640723430197
576,0.6152035696190118,0.3847964303809882,0.20034537725823592,0.44758235919234857,0.16641870350690754,0.011636556854410202,0.02290116896918172,0.05326780021253985,0.09784803400637619
577,0.7039669226920926,0.29603307730790734,0.45858328282089333,0.07395021215224798,0.3556006103296198,0.024684906882929583,0.06040591100056435,0.0,0.02677507681374496
578,0.5910887061626522,0.4089112938373478,0.14904023398136998,0.5930149679258732,0.17688696635288914,0.02408631749698921,0.01145328974856834,0.0,0.04551822449431022
579,0.6907844414855945,0.3092155585144055,0.4172613188976378,0.096313156167979,0.4083415354330709,0.017593503937007874,0.03918553149606299,0.0,0.02130495406824147
580,0.6813350484056597,0.3186649515943403,0.5624403815580287,0.1082670906200318,0.2529014308426073,0.018163751987281398,0.040818759936407,0.0,0.01740858505564388
581,0.741240427459693,0.25875957254030707,0.34063394785753753,0.07674017514777047,0.5439125265819393,0.011285812360811104,0.014534250933507476,0.0,0.012893287118434052
582,0.6959302325581396,0.3040697674418605,0.3440609098503835,0.4530265056580846,0.14895192526771475,0.010214931267562847,0.017088174982911826,0.0,0.026657552973342446
583,0.5973098210837946,0.40269017891620545,0.1834716086628596,0.5065186941062385,0.22887619868548648,0.0,0.028143519017347268,0.0,0.052989979528068096
587,0.6334457560427206,0.36655424395727937,0.4826958913834413,0.23387168337918182,0.1995518679563404,0.010582127961664745,0.02737598722158133,0.0,0.0459224420977904
588,0.6370269446585755,0.3629730553414245,0.352000900545956,0.4226093319074689,0.12585129734901784,0.0,0.014493161479146732,0.05819778240558338,0.026847526312827153
589,0.6931534944666791,0.306846505533321,0.4179628906651324,0.3294634968253642,0.1521153964698872,0.00939034664146136,0.03141759303018472,0.054800994513736205,0.004849281854233875
590,0.5773348839074468,0.42266511609255325,0.21534578963209927,0.4977425852608182,0.25114028385543286,0.016392303952212268,0.0,0.0,0.019379037299437383
591,0.6276337343953002,0.37236626560469976,0.3564260642606426,0.39271892718927187,0.16326163261632617,0.01964269642696427,0.0,0.0,0.06795067950679506
592,0.6319350678904649,0.368064932109535,0.3137993950160849,0.5180294809622125,0.13667354875882268,0.0,0.02892879435348346,0.0,0.0025687809093964567
593,0.565121654121248,0.4348783458787519,0.34252632160720703,0.36988421256252246,0.13137314505209052,0.0,0.04800066322159892,0.0,0.1082156575565811
594,0.6349418360849239,0.365058163915076,0.3536030526882247,0.39653148084731665,0.14382857981507755,0.0,0.08436475710581674,0.0,0.021672129543564404
595,0.6343365570599613,0.36566344294003866,0.1398741279211592,0.518417329365273,0.2872127628433429,0.018710055130019027,0.020076108698833976,0.0,0.01570961604137191
596,0.6194846395390243,0.38051536046097567,0.17542392809552426,0.458495545162386,0.2747890157552321,0.01570297598829462,0.0254487497713793,0.0,0.05013978522718365
597,0.700270955553346,0.29972904444665405,0.5197635824710246,0.1394188956532543,0.27931701602740455,0.018530022541310944,0.04297048330700556,0.0,0.0
598,0.6098707590317286,0.3901292409682714,0.2478181343088581,0.5288737914815783,0.15492552913509275,0.0,0.06838254507447086,0.0,0.0
599,0.6273466433953429,0.3726533566046571,0.30227771369116285,0.45542964420619303,0.20800253330619076,0.0,0.0,0.0,0.03429010879645337
600,0.6930110378621404,0.3069889621378596,0.35792907387833944,0.32962787476764954,0.2750665160185151,0.007781462987935999,0.029595072347559863,0.0,0.0
601,0.7231858407079647,0.2768141592920354,0.4257627671724588,0.3541156795562082,0.18308451623429597,0.014133627019089575,0.018885625713819545,0.0,0.004017784304127916
602,0.6738857680572585,0.3261142319427415,0.40184068549666774,0.4006981910504602,0.11596318629006665,0.0,0.02824500158679784,0.0,0.05325293557600762
603,0.5417791322014222,0.45822086779857785,0.21848716987196656,0.5253924037070766,0.17094337601114265,0.0,0.033936893984036,0.0,0.05124015642577811
604,0.6832842397089037,0.3167157602910963,0.34942399652224315,0.26717142443124187,0.3236125199246486,0.01603028546587451,0.02171786697580061,0.0,0.022043906680191277
605,0.6512122446900627,0.34878775530993733,0.4022408634950431,0.38720400461469273,0.1331808138284351,0.022819264386695605,0.05248235271113197,0.0,0.002072700964001486
606,0.7182016541019376,0.28179834589806235,0.5655915152176682,0.09579945059942876,0.25306991213229274,0.025159635430879224,0.060379486619731124,0.0,0.0
607,0.6539416373069319,0.3460583626930681,0.38538304160036374,0.3628551943623551,0.18631507160718344,0.007683564446465106,0.023141623096158217,0.0,0.034621504887474425
608,0.6722666111443667,0.32773338885563336,0.4823367724202009,0.2541762644935251,0.17127039739842434,0.009291341631017596,0.03166798939238497,0.0,0.051257234664447066
609,0.703293383019438,0.296706616980562,0.42531863096090505,0.0751467850494057,0.43963912358585133,0.011295288557926393,0.030627953601603895,0.0,0.017972218244307604
610,0.6796191956479503,0.32038080435204974,0.5695907865719186,0.2138160581556808,0.16356285224209752,0.01625418606550682,0.03354978354978355,0.0,0.00322633341501266
611,0.5800843137795167,0.4199156862204833,0.1756519260912934,0.5062461406925379,0.16118842920248896,0.0,0.08117607941861017,0.0,0.07573742459506959
612,0.6055722218676198,0.39442777813238017,0.2888274044795784,0.465270092226614,0.13156785243741764,0.0,0.025928853754940712,0.0,0.08840579710144927
613,0.5576866741701229,0.4423133258298771,0.29338420281440936,0.44961433192336403,0.11987503801387853,0.0,0.04329435182881314,0.0,0.09383207541953499
614,0.5503381665162402,0.4496618334837598,0.14670614044429298,0.6266533194181167,0.11484313433153713,0.013737726565994335,0.016314881472173116,0.0,0.08174479776788567
615,0.5933262410284841,0.4066737589715159,0.3851457144300217,0.4388352947118541,0.139224203242588,0.012071316733168342,0.007954947219556543,0.0,0.016768523662811254
616,0.7686003463306861,0.23139965366931392,0.36187775554994467,0.022491114261852508,0.600073805038165,0.0,0.015557325150037873,0.0,0.0
617,0.6716526303719087,0.3283473696280913,0.4430533424387283,0.1094923742317323,0.3920062220198801,0.0,0.02667121936413992,0.0,0.028776841945519386
618,0.5853567971143263,0.41464320288567375,0.24732668781150882,0.48491164476665155,0.15398731309469868,0.0,0.05700045310376076,0.0,0.056773901223380156
619,0.7343587423659805,0.26564125763401947,0.5156984743013203,0.06651060596726832,0.36204028830160784,0.01230004722889587,0.039179449270005544,0.0,0.004271134930902072
620,0.6841598392116907,0.31584016078830934,0.5165653433432617,0.11450895589375332,0.30507160634868824,0.0,0.054755395976988044,0.0,0.009098698437308744
621,0.7211326324117888,0.2788673675882111,0.49070577065091253,0.22259732039244645,0.25000527481801876,0.012448570524316912,0.019284734676653655,0.0,0.004958328937651651
622,0.7581464670415283,0.24185353295847165,0.48530068805289966,0.05452595835939594,0.43082834420516486,0.0,0.020355642927352337,0.0,0.008989366455187204
623,0.7133834932600596,0.28661650673994044,0.6084536581430992,0.09901589094135678,0.22420746954908446,0.012664354279261112,0.03250786480600145,0.0,0.023150762281197064
624,0.7113495784238578,0.2886504215761422,0.3945521976645116,0.4078584673983862,0.16566431113115823,0.0,0.03192502380594397,0.0,0.0
625,0.7152043596730245,0.28479564032697546,0.42481966880016253,0.3629482881235396,0.16839378238341968,0.0,0.022833485725896576,0.0,0.02100477496698161
626,0.6993534321850409,0.3006465678149592,0.5220027757019323,0.18481904558556636,0.19754457136756698,0.030297854168890786,0.06533575317604355,0.0,0.0
627,0.7334255897214534,0.26657441027854656,0.5880835742353165,0.13001782963180944,0.1944468486558535,0.04128511831605186,0.034637954612335334,0.0,0.01152867454863335
628,0.7148990343594674,0.2851009656405325,0.5029932178986852,0.08043799492289622,0.3740385708331755,0.0,0.03783200090933202,0.0,0.004698215435911037
629,0.7138480873458487,0.2861519126541513,0.5273254107981221,0.10115903755868545,0.2798928990610329,0.010398327464788732,0.03051643192488263,0.0,0.050707893192488265
630,0.5921162036958477,0.40788379630415234,0.3428669685332722,0.4140539920903307,0.1350088840488336,0.0,0.032613056685963204,0.0,0.07545709864160027
631,0.5795705029724133,0.42042949702758664,0.28559080300803874,0.47555248220820007,0.15204425620191891,0.0,0.07707378914916299,0.0,0.009738669432679287
632,0.6824708981221854,0.3175291018778146,0.4069721115537849,0.38976593625498007,0.16010956175298804,0.0,0.03702689243027889,0.0,0.006125498007968127
633,0.6723965126656141,0.32760348733438593,0.3952709601012782,0.3343815085555601,0.19449095438395883,0.015007963409155878,0.02776983705639727,0.0,0.033078776493649695
634,0.7059532885161827,0.29404671148381734,0.5452474917044628,0.1494767430445112,0.233767253735446,0.011643203549900847,0.05986530796567906,0.0,0.0
635,0.7429642754130784,0.2570357245869216,0.5030780322777438,0.06767973674967186,0.3782189932153883,0.01184996210230529,0.03917327565489065,0.0,0.0
636,0.658630697736843,0.34136930226315704,0.33852110344124914,0.45505489187192744,0.13545938510914696,0.0,0.02231335489951349,0.0,0.04865126467816297
637,0.5754004939770673,0.42459950602293267,0.32505215702261336,0.42905445912568047,0.1650559938610585,0.0,0.048847749454449536,0.0,0.031989640536198176
638,0.6540046756124918,0.3459953243875083,0.48469946484286214,0.16709713411988347,0.2552430935801806,0.023265904911461455,0.061656714259148294,0.0,0.008037688286464038
639,0.6468233590098097,0.35317664099019025,0.5173951102334955,0.11807096472121002,0.2786271196791727,0.020275634631435377,0.05952405186979622,0.0,0.006107118864890173
640,0.7013304040034175,0.29866959599658244,0.47689697180647406,0.27131917855899756,0.17444744169857293,0.0,0.04459624086320919,0.0,0.03274016707274626
641,0.6482151281648058,0.3517848718351942,0.25397258612324114,0.36878335759340125,0.25785419699175155,0.0,0.023471615720524017,0.06152959728287239,0.034388646288209604
642,0.6491540276373441,0.35084597236265586,0.4864488795663641,0.17291437353325995,0.2879067932130174,0.0,0.04409046541089489,0.0,0.008639488276463625
643,0.7308727795900344,0.2691272204099657,0.5238364387619865,0.21306618850861464,0.2150346924456225,0.0,0.04806268028377641,0.0,0.0
644,0.6634990158121831,0.33650098418781693,0.3692213992416354,0.1433819917876579,0.11866637851431266,0.0,0.02943083361166231,0.0,0.3392993968447317
645,0.5098782578231548,0.49012174217684523,0.25550293244337563,0.44138794140021104,0.2234791784250693,0.0,0.034477681529287624,0.0,0.04515226620205639
646,0.6944140729402046,0.3055859270597954,0.32902379286214134,0.052326801959412174,0.5570853743876837,0.0,0.04123512946116165,0.0,0.02032890132960112
647,0.6878482276585123,0.3121517723414878,0.22482870746719313,0.33358494948321915,0.07525258390430845,0.0,0.034868191847636745,0.2621356404598769,0.06932992683776565
648,0.6081058098614581,0.3918941901385418,0.26078351225179097,0.39956543252371834,0.25157584493255597,0.03590559989673644,0.023664565540089926,0.0,0.028505044855108318
649,0.701879139835921,0.29812086016407907,0.42986866791744843,0.17088180112570356,0.3606754221388368,0.0,0.020637898686679174,0.0,0.01793621013133208
650,0.6398352162786343,0.36016478372136573,0.4746556366332384,0.20293050298513288,0.21153470948608888,0.014867132321379794,0.041791860147500685,0.0,0.054220158426659386
