PA_ID,electorate,votes,non_votes,con_votes,lab_votes,libdem_votes,green_votes,ukip_votes,plaid_votes,other_votes
1,49821,31523,18298,3742,15416,1397,711,4971,3663,1623
2,45525,30148,15377,12513,8514,1391,727,3467,3536,0
7,72430,46191,26239,23369,8468,4076,2025,8253,0,0
8,60215,39497,20718,20558,8835,1330,826,7751,0,197
9,71511,50517,20994,26771,13481,4235,1983,4047,0,0
10,62016,41314,20702,13197,16540,1733,976,7260,1608,0
11,69510,45717,23793,20106,15901,1360,1087,7263,0,0
16,40492,26837,13655,3521,8122,718,0,2277,11790,409
18,77242,56477,20765,34331,6324,4062,3606,8154,0,0
19,77091,47409,29682,10628,19448,7030,0,10150,0,153
20,85177,57372,27805,30094,10580,3433,2467,10798,0,0
21,68343,38918,29425,8610,19366,943,1531,8468,0,0
22,80315,55419,24896,28083,8391,5885,2135,10925,0,0
26,86420,58008,28412,30749,12354,3440,2686,8050,0,729
28,73977,43041,30936,7019,24826,562,897,9554,0,183
29,64534,36560,27974,5485,20376,770,938,7941,0,1050
30,69135,38517,30618,5622,21079,1217,0,9045,0,1554
31,68338,43275,25063,17525,0,1169,1061,5070,0,18450
32,66347,43028,23319,22668,10186,1636,0,8538,0,0
33,71155,45593,25562,19788,11493,1356,0,12097,0,859
34,79665,53076,26589,25769,14706,3919,0,8290,0,392
35,76796,49289,27507,15122,23965,1331,1006,7865,0,0
36,63084,47167,15917,17833,6216,14000,5634,2922,0,562
37,78373,50479,27894,15769,21826,2396,1232,9080,0,176
38,76111,51031,25080,26730,18792,2241,1682,1586,0,0
39,74726,53163,21563,33621,6074,3927,2231,7310,0,0
40,67439,48803,18636,27955,9484,3378,1878,6108,0,0
41,69311,46086,23225,19625,18528,1958,1412,4434,0,129
42,78501,58060,20441,32544,9217,4193,2462,8966,0,678
43,83551,58672,24879,34891,9247,3418,2537,8579,0,0
44,79285,51304,27981,28212,10399,2646,2106,7941,0,0
49,83298,51424,31874,6051,22146,17657,2023,3254,0,293
50,56969,40423,16546,16603,6042,11689,1488,4513,0,88
52,82727,52924,29803,8070,32387,2395,4906,3219,0,1947
53,80805,52677,28128,25363,13160,2900,1802,8794,0,658
54,78796,55218,23578,30245,7797,4199,2807,10170,0,0
55,64828,43685,21143,20643,11451,1308,950,9182,0,151
56,62410,39144,23266,5816,26468,1396,1626,3838,0,0
57,65591,41293,24298,15812,18518,1184,1371,4154,0,254
58,65128,34684,30444,10695,15824,965,948,6040,0,212
59,76330,47046,29284,8329,28147,5459,2200,2131,0,780
60,75302,41039,34263,4707,28069,2624,835,4651,0,153
61,68128,35916,32212,4576,26444,1374,1501,1805,0,216
62,71428,42461,28967,15164,17673,1349,1169,7106,0,0
63,69943,41260,28683,8869,23697,2001,1330,5032,0,331
64,75092,45294,29798,13137,21584,2517,2301,5755,0,0
65,72146,41151,30995,5760,17129,10534,698,6637,0,393
66,66070,39389,26681,12799,16307,1723,1545,7015,0,0
67,73260,43999,29261,12002,24762,955,0,6280,0,0
68,71913,37112,34801,5581,22982,874,1567,6108,0,0
69,62468,39393,23075,17508,14168,948,889,5823,0,57
70,57411,32436,24975,10963,13548,743,841,5613,0,728
71,51335,31683,19652,3419,18380,620,738,5677,2849,0
72,67901,44936,22965,7838,22090,5497,1648,7863,0,0
73,61247,38461,22786,8346,17813,2265,1453,8584,0,0
74,72995,47116,25879,24185,6508,4240,1942,10241,0,0
75,71979,43998,27981,10764,22542,1464,0,9228,0,0
76,67895,43161,24734,14164,18541,1236,1103,8117,0,0
77,69687,40743,28944,8289,20555,1072,1200,9627,0,0
78,72719,48592,24127,19744,18943,1947,0,7428,0,530
79,70145,45152,24993,3639,33619,978,1501,4915,0,500
80,67064,43339,23725,18981,7142,1015,800,14645,0,756
81,79738,53582,26156,22939,9354,11951,0,9338,0,0
82,72275,44827,27448,22060,7448,3752,3263,7401,0,903
83,72082,41773,30309,20155,7386,3281,3107,7745,0,99
84,81271,53086,28185,29606,8956,3983,2202,8339,0,0
85,66121,41406,24715,4682,19312,12228,871,4103,0,210
86,63674,37600,26074,9878,16328,1094,1243,9057,0,0
87,63372,40290,23082,6160,19977,1173,1085,3140,0,8755
88,73557,50283,23274,27071,9296,2488,1564,9461,0,403
89,54441,40074,14367,16453,5904,11351,1261,3338,1767,0
90,77038,47032,30006,9567,29216,3937,1912,1850,0,550
91,82196,52235,29961,17517,28351,2607,1539,2024,0,197
92,84602,57355,27247,24631,25096,2305,2120,3203,0,0
93,71918,51897,20021,30534,6492,4577,1397,8724,0,173
94,59998,39453,20545,12697,14624,1648,736,5911,2784,1053
95,80491,54447,26044,25020,9589,6765,2636,10437,0,0
96,68488,43270,25218,22946,11770,764,915,6694,0,181
97,67858,45306,22552,18428,17738,1365,3187,4446,0,142
98,76557,54676,21881,12448,14904,1525,22871,2724,0,204
99,71193,46213,24980,14168,18148,2689,3827,7152,0,229
100,74743,51805,22938,22767,17823,3214,2952,4889,0,160
101,81496,50842,30654,12377,19505,4416,5861,8381,0,302
102,91236,64218,27018,9752,22900,12103,17227,1940,0,296
103,73552,53089,20463,26808,9970,5178,2252,8881,0,0
104,65477,44066,21411,23343,9779,2836,1823,6285,0,0
105,73337,52245,21092,28133,11604,2616,1729,8163,0,0
106,72944,46024,26920,25797,8470,1467,1216,9074,0,0
107,71764,53440,18324,24163,19876,2120,1544,5674,0,63
108,77425,53692,23733,0,0,0,7400,11675,0,34617
109,64477,39746,24731,5374,14951,11707,850,6864,0,0
110,75248,48974,26274,24376,13484,1232,1224,8658,0,0
111,67580,45230,22350,18970,18592,932,1141,5595,0,0
112,73883,47215,26668,16350,21272,1690,1434,6299,0,170
113,85982,59341,26641,31815,10514,3581,4692,8739,0,0
114,63603,40283,23320,6683,17864,935,937,7791,5895,178
116,77754,53541,24213,23354,18927,2666,2090,5950,0,554
117,82746,51561,31185,6790,32614,2580,5187,2413,0,1977
118,66944,45868,21076,18452,11448,5687,2608,6776,0,897
119,83384,51774,31610,8117,18646,18047,4109,2668,0,187
120,82990,51780,31210,28524,7476,2314,1816,11650,0,0
121,90318,61100,29218,32070,10927,3479,2159,12275,0,190
122,84132,61540,22592,31454,10860,9368,3848,6010,0,0
123,84570,59506,25064,28845,9013,12008,3047,6593,0,0
124,74532,47099,27433,20811,15888,1270,906,8224,0,0
125,81341,53465,27876,22918,13120,6227,3746,7289,0,165
126,57456,38646,18810,5674,15462,10481,2461,2499,1925,144
127,67196,51151,16045,21709,19572,1953,1254,3953,2301,409
128,76006,46667,29339,12513,0,2318,1746,6423,3443,20224
129,66762,43792,22970,11014,17803,2069,1704,4923,6096,183
130,65827,42587,23240,18873,16099,1087,1125,5277,0,126
131,55750,39399,16351,8336,9541,928,1091,4363,15140,0
132,57755,40350,17405,17626,11572,963,1290,4698,4201,0
133,69981,47613,22368,15093,7150,16603,1492,7049,0,226
134,68170,45450,22720,23112,6283,801,1076,14178,0,0
135,54242,37416,16826,4123,3615,13414,2088,3829,10347,0
136,77269,52261,25008,28384,11453,3605,0,8330,0,489
137,66355,43073,23282,21614,10159,1360,1101,8581,0,258
138,73239,53095,20144,22889,8673,16436,0,4423,0,674
139,78580,53817,24763,27732,9482,6394,1892,7652,0,665
140,63478,40226,23252,25322,9300,2091,1474,2039,0,0
141,77287,53735,23552,24790,3902,18274,2689,3808,0,272
142,72547,52730,19817,31138,6712,4761,2901,7218,0,0
143,74485,51161,23324,22025,22118,2870,0,4148,0,0
144,71625,45567,26058,8231,21829,6301,1352,7523,0,331
145,83396,57139,26257,32953,6933,4865,3742,8540,0,106
146,66680,43804,22876,20999,12613,2400,1854,5644,0,294
147,74218,55407,18811,26354,4561,16278,2330,5884,0,0
148,77807,53013,24794,25759,18103,2381,2501,4151,0,118
149,74679,51712,22967,18792,23322,1354,1111,6995,0,138
150,69303,49707,19596,28887,4745,3263,2149,10663,0,0
151,60992,36185,24807,19570,9899,2521,1953,1894,0,348
152,68936,44207,24729,16205,6364,812,1184,19642,0,0
153,71008,45089,25919,21026,13133,1346,1013,8356,0,215
154,54996,35064,19932,10649,13051,1349,915,5480,3620,0
155,58644,38028,20616,16463,9733,1387,0,4988,4651,806
157,74204,48593,25611,18919,7852,13344,2499,5870,0,109
158,82516,56800,25716,25246,19868,3407,1919,5734,0,626
159,72503,50976,21527,27164,10391,4623,1876,6922,0,0
160,62087,39631,22456,14186,16750,1368,1179,6148,0,0
161,79775,56174,23601,24023,0,1458,1374,7708,0,21611
162,67192,48245,18947,21689,2621,15068,2063,6121,0,683
163,71071,50498,20573,25516,4692,8521,2718,7698,0,1353
164,78290,56667,21623,32045,5240,10568,2626,6188,0,0
165,75462,42231,33231,9751,22025,2007,1245,6278,0,925
166,73626,45246,28380,14048,18557,1810,1961,7101,0,1769
167,70397,43699,26698,15284,18472,1779,1719,5709,0,736
168,73936,48550,25386,22829,16303,1339,1100,6979,0,0
169,74169,49896,24273,22445,18825,1374,0,7252,0,0
170,78171,52941,25230,22753,22588,1152,1454,4810,0,184
171,85941,53522,32419,12149,0,1919,2515,2899,0,34040
172,82010,57712,24298,31448,14308,3448,2154,6068,0,286
174,51422,30472,20950,3676,14532,830,799,4976,5126,533
175,69128,43050,26078,10492,17830,717,806,12850,0,355
176,65851,41141,24710,14479,17637,1966,1444,5392,0,223
177,75209,52418,22791,25670,13325,1454,1324,10434,0,211
178,72873,52518,20355,30550,9491,2352,1829,8296,0,0
179,53639,37457,16182,12257,15187,1380,680,6150,1803,0
180,66141,38681,27460,9150,19661,957,1466,7225,0,222
181,69794,44745,25049,16402,16361,3832,1618,6532,0,0
182,70240,40820,29420,11179,20007,1717,1208,6341,0,368
183,63476,47361,16115,24805,10761,3965,2173,5508,0,149
184,67477,47729,19748,24908,12134,2292,1898,6497,0,0
185,71445,47948,23497,17605,19488,2004,1059,7631,0,161
186,73923,50762,23161,25066,13595,1887,1216,8998,0,0
187,69205,49006,20199,28295,6360,3954,2853,7544,0,0
188,72737,54448,18289,28436,6985,6643,4866,7171,0,347
189,76519,54717,21802,25401,5591,3715,0,6870,0,13140
190,74737,52320,22417,22341,3699,15405,3018,7719,0,138
191,71035,50372,20663,28500,8391,3767,2408,7306,0,0
192,78621,56584,22037,28774,6015,7483,3941,10371,0,0
193,79770,53630,26140,20955,22406,1924,1366,6649,0,330
194,71299,42486,28813,10736,19621,1487,0,9963,0,679
195,71136,40420,30716,8386,19840,1717,0,9747,0,730
196,70989,39501,31488,7235,20708,1005,757,8928,0,868
197,64299,46499,17800,23639,2767,13109,1321,5663,0,0
198,73759,53385,20374,30227,4785,6226,3038,9109,0,0
199,71534,48597,22937,23756,11762,2901,2275,7304,0,599
200,78000,56458,21542,28329,5633,12199,3242,7055,0,0
201,72930,50224,22706,21737,15443,1572,1295,10177,0,0
204,60717,37992,22725,11704,15885,478,517,9113,0,295
205,60363,38210,22153,16723,12453,828,970,7236,0,0
206,76575,51362,25213,11650,27772,5055,4844,1606,0,435
214,68725,45669,23056,10157,21596,5153,2687,5232,0,844
215,65359,40146,25213,8403,22047,2046,1246,6404,0,0
216,69816,42818,26998,10018,20074,3894,1567,7265,0,0
217,44394,28913,15481,6550,3904,1153,981,3126,11811,1388
218,71422,50894,20528,21728,22002,3106,1841,1926,0,291
219,73881,48510,25371,14419,26745,1575,1635,3922,0,214
220,65606,43321,22285,9387,28147,1550,2007,1769,0,461
221,61659,34624,27035,4478,21132,834,733,6491,0,956
222,87382,52290,35092,6311,40563,856,1299,2622,0,639
225,78262,52907,25355,20934,4143,20201,1351,6139,0,139
226,79609,55505,24104,23464,7181,14317,1513,8783,0,247
227,68569,47352,21217,24167,11193,4289,1624,5778,0,301
233,66016,41338,24678,9969,0,897,1358,3366,0,25748
234,69223,46727,22496,16041,22316,1563,990,5594,0,223
235,79143,57797,21346,27978,19488,2640,1261,6430,0,0
236,63998,43157,20841,15700,18393,1308,1275,6481,0,0
237,68118,46137,21981,19086,20172,1059,1303,4133,0,384
238,64937,45812,19125,22624,17871,1518,1690,2109,0,0
239,73447,49348,24099,27027,7962,3448,1782,9049,0,80
240,78633,57143,21490,33309,8866,5002,2116,7117,0,733
241,71943,48322,23621,20636,17052,1658,1184,7792,0,0
242,70397,42617,27780,11684,21209,972,941,7368,0,443
243,79894,56976,22918,35845,7229,5372,2355,5551,0,624
244,76968,54018,22950,17879,25062,2321,3491,5075,0,190
246,77114,54700,22414,30689,7800,4814,2129,8427,0,841
247,69523,45803,23720,24895,7403,3039,1768,8243,0,455
248,82340,49405,32935,14382,0,1579,1390,6209,0,25845
251,71310,49101,22209,22920,13082,3581,2257,7261,0,0
252,72530,50759,21771,25835,20173,1662,1357,1732,0,0
253,83651,55010,28641,26323,7939,4882,2956,12526,0,384
254,69865,49520,20345,23191,12204,2630,2703,8792,0,0
256,65679,43557,22122,21406,8182,1623,1381,5569,0,5396
257,74686,49261,25425,25949,10500,3290,1290,7727,0,505
258,73719,48983,24736,6693,33839,2279,1690,4482,0,0
259,64524,37949,26575,5502,21549,2585,1548,6765,0,0
260,70000,47998,22002,17321,20307,1906,1534,6930,0,0
261,70984,47078,23906,22590,12060,1707,1133,9199,0,389
270,82968,52575,30393,23837,16586,2828,1485,7497,0,342
272,73268,47665,25603,26364,6926,3298,1707,9266,0,104
273,61820,42758,19062,15862,15835,1552,1161,4773,3051,524
274,81150,53755,27395,28399,9070,3263,1872,9410,0,1741
275,72043,50139,21904,23484,15114,1111,1124,9306,0,0
276,59200,33731,25469,8874,13414,1680,783,8417,0,563
277,69793,44469,25324,19089,12935,1030,978,10270,0,167
278,73315,46716,26599,12438,24384,2645,2991,3888,0,370
279,75733,53986,21747,30802,6534,8354,2558,4774,0,964
280,88153,49887,38266,7349,31357,2492,7281,1085,0,323
281,84971,47580,37391,6420,0,2186,5519,1818,0,31637
282,66048,43818,22230,18933,15851,905,849,7280,0,0
283,70462,43753,26709,17078,17506,1629,1142,5621,0,777
284,71195,48757,22438,26414,10219,3055,1809,6781,0,479
285,72818,45023,27795,8007,28292,1097,1017,6333,0,277
286,72254,47960,24294,17463,23981,2224,2105,2105,0,82
287,71074,51649,19425,31334,5220,5732,3176,6187,0,0
288,76918,54000,22918,35573,5290,5657,2364,4732,0,384
289,79223,55195,24028,32052,7342,5151,2541,8109,0,0
290,80195,53964,26231,22839,23977,3039,2387,1532,0,190
291,77760,52471,25289,27675,8043,7037,2177,7539,0,0
292,67994,44251,23743,21623,13273,904,954,7208,0,289
293,76408,53376,23032,28153,5409,11782,2351,5681,0,0
294,70981,49000,21981,24668,19911,1037,846,2333,0,205
295,69644,46603,23041,19677,0,1567,1310,2047,0,22002
296,69947,39490,30457,8256,14076,761,1341,11052,0,4004
297,69290,48432,20858,24722,9548,3576,2122,8464,0,0
298,75095,50927,24168,22686,0,1614,1951,6786,0,17890
299,70573,44828,25745,23159,7149,2929,2352,9239,0,0
300,74874,45056,29818,11143,26843,888,794,5388,0,0
301,63098,43219,19879,17882,7584,11330,1140,5283,0,0
302,74616,49633,24983,26245,11825,2402,1660,7249,0,252
303,72714,42406,30308,9694,21772,1357,0,8565,0,1018
304,75285,49630,25655,24328,20604,1088,1015,2595,0,0
305,77946,55236,22710,32292,6917,6205,3815,6007,0,0
306,71485,47257,24228,24844,6042,5002,3415,7954,0,0
307,67926,48023,19903,26716,5478,5768,3341,6720,0,0
308,80610,56277,24333,31593,10084,4385,2681,7534,0,0
309,74000,52287,21713,28949,9869,3952,2789,6728,0,0
310,79668,57267,22401,32608,9345,5872,2583,6603,0,256
311,73767,50091,23676,29696,11235,2777,0,6383,0,0
312,59708,43345,16363,22834,10803,2961,2445,4302,0,0
313,79989,48538,31451,9268,20926,1607,1110,15627,0,0
314,73336,50789,22547,22836,17942,2389,1811,5811,0,0
315,80333,55375,24958,31488,11433,4484,3053,4917,0,0
316,86764,54917,31847,12014,29062,3555,7013,2740,0,533
317,79331,55236,24095,27051,11103,1501,1411,13977,0,193
318,79247,57785,21462,5347,29417,18359,3146,1271,0,245
319,79085,56925,22160,32627,6499,6647,2198,7969,0,985
320,68324,38489,29835,7105,21218,791,1095,8280,0,0
321,73505,52214,21291,20846,22082,1861,3569,3265,0,591
322,65269,40478,24791,10841,0,2365,2798,5948,0,18526
323,65710,35144,30566,5593,18180,2294,806,7861,0,410
324,64148,35336,28812,5306,18661,3175,2066,5762,0,366
325,59100,31803,27297,5561,15646,3169,943,6313,0,171
326,82593,55927,26666,29652,10249,4375,2178,9473,0,0
327,68341,42887,25454,13676,18076,859,1122,9154,0,0
328,75294,48932,26362,20874,21463,1130,1023,4355,0,87
329,91987,51912,40075,13455,0,1014,1506,2705,0,33232
332,74499,48694,25805,21794,18061,1400,1736,5703,0,0
333,108804,70300,38504,28591,8984,5235,9404,14888,0,3198
334,73326,49234,24092,8465,29659,3984,5043,1971,0,112
335,68127,44270,23857,9839,22547,4829,3371,3375,0,309
336,55697,35401,20296,5366,0,950,659,6932,3794,17700
337,64002,38564,25438,6584,21464,1238,1310,7583,0,385
338,68865,49123,19742,21766,18713,1321,1661,5662,0,0
339,63957,48791,15166,28474,7472,4913,1956,5467,0,509
340,61133,34828,26305,18199,10838,1962,1765,1557,0,507
341,70155,47218,22937,24467,11877,1490,1633,7600,0,151
343,81238,59253,21985,23249,8574,20415,2322,4321,0,372
344,68193,48125,20068,23252,14246,1827,1370,7133,0,297
346,79108,50728,28380,3367,39628,1490,1270,4973,0,0
349,70906,49676,21230,16114,24474,1298,1582,6058,0,150
350,61922,41738,20184,16378,17643,1390,2093,4060,0,174
351,81799,45048,36751,7791,24758,1529,3558,7082,0,330
352,64754,38196,26558,7997,20530,1296,1117,7256,0,0
353,69097,48291,20806,15887,23137,2569,2541,3706,0,451
354,61974,43357,18617,8083,13041,15948,3042,2997,0,246
355,64950,38423,26527,7729,18456,1495,3217,7104,0,422
356,75430,48068,27362,11034,29386,1233,1468,4290,0,657
357,73518,45942,27576,9628,0,2127,2533,3832,0,27822
358,63204,34522,28682,8848,16051,1507,1878,5950,0,288
359,72193,51548,20645,25505,0,2033,1174,8704,0,14132
360,76851,53926,22925,28700,11876,3987,0,9363,0,0
361,75905,45123,30782,10216,24312,1150,0,8903,0,542
362,69481,50540,18941,19206,5000,18123,2784,5427,0,0
363,73428,47426,26002,7056,28572,2497,5932,2013,0,1356
364,66913,42923,23990,9574,23907,2455,2429,3886,0,672
365,72290,48125,24165,11633,24347,3709,4077,3764,0,595
366,64580,40703,23877,8939,23856,2304,2974,2341,0,289
367,74234,51467,22767,28389,10200,2700,1976,8082,0,120
368,74121,46852,27269,19976,18533,1992,0,5721,0,630
370,70829,44263,26566,4245,0,1719,5372,2510,0,30417
371,61908,38403,23505,1802,31222,899,956,3445,0,79
372,61549,40974,20575,4098,0,2454,2140,3375,0,28907
373,63651,41031,22620,2710,0,959,996,3475,0,32891
375,59314,38574,20740,5534,15948,751,689,6269,8853,530
377,75217,52020,23197,25762,16579,2130,1845,5704,0,0
378,74870,50336,24534,25755,9077,2255,1549,10778,0,922
379,66374,48063,18311,26093,5902,6469,2435,7164,0,0
380,67329,42571,24758,12739,22243,1299,972,5318,0,0
381,67741,42216,25525,12949,0,3183,1237,5129,0,19718
382,71712,49598,22114,26063,11252,3842,2404,6037,0,0
383,74187,53855,20332,35453,6394,5337,1915,4539,0,217
384,73181,50010,23171,22745,5268,12036,1396,7930,0,635
385,74320,44788,29532,8752,23208,1639,1136,10053,0,0
386,69066,48045,21021,29112,5690,2157,1504,7042,0,2540
387,86078,45331,40747,6133,0,1867,3838,5033,0,28460
388,72992,42019,30973,4063,28187,1782,4108,3434,0,445
389,74102,49966,24136,4872,26843,11970,4048,2172,0,61
390,77534,47193,30341,13288,18603,1642,1486,11850,0,324
391,72738,51717,21021,31578,5656,4987,1831,7665,0,0
392,81928,52603,29325,28791,9996,2638,2170,8908,0,100
393,61716,32715,29001,3292,17619,1351,603,6106,3099,645
394,61873,32706,29167,5388,18584,1220,1407,6107,0,0
395,71154,45677,25477,16925,19193,1564,1060,6935,0,0
397,86826,57692,29134,27244,17491,3575,2255,6852,0,275
398,89656,58949,30707,27601,0,2309,1936,7803,0,19300
399,68474,45142,23332,10458,27380,1378,1422,4287,0,217
400,74038,55140,18898,33434,4565,7981,2979,6181,0,0
401,62248,47462,14786,23701,12719,2496,1629,4942,1875,100
402,48690,33757,14933,15204,1900,9879,1260,3769,1745,0
404,66985,43242,23743,19691,15101,1612,1395,5358,0,85
405,75820,48250,27570,18776,0,1426,1264,7951,0,18833
408,56097,37135,18962,5691,16270,1173,1185,6094,6722,0
409,72697,49447,23250,27819,6018,4626,2327,8657,0,0
410,68446,47410,21036,28420,5133,3293,2748,7816,0,0
411,73747,52302,21445,29834,11360,2385,1792,6294,0,637
412,79512,57300,22212,34973,4837,8605,2324,6195,0,366
413,67619,42997,24622,15870,16520,1826,1246,7252,0,283
414,58147,35085,23062,6628,19301,2218,1724,5214,0,0
415,64243,39222,25021,6884,19378,4332,3426,4910,0,292
416,67902,44891,23011,10536,20689,4366,1515,7447,0,338
417,56015,35108,20907,9585,14290,2251,887,6466,1231,398
418,62137,40347,21790,13123,16633,1581,1272,6134,1604,0
420,69928,48253,21675,22794,4736,11560,2216,6726,0,221
421,77154,52212,24942,27206,9585,3300,2191,9930,0,0
422,68867,49414,19453,15256,5043,19299,1488,8328,0,0
423,74402,47371,27031,24727,10779,1673,1780,8412,0,0
424,80721,57123,23598,30995,10502,4689,3090,7847,0,0
425,76970,50110,26860,25515,8649,2217,2075,11654,0,0
426,82592,45897,36695,9569,25213,1330,0,9785,0,0
427,59144,39411,19733,16699,13454,1401,1503,6354,0,0
428,61287,38884,22403,16163,12370,1673,1403,7114,0,161
429,85781,60862,24919,36607,10191,3613,2247,8204,0,0
430,64515,43592,20923,19052,14589,1894,1939,5986,0,132
431,74875,48463,26412,11379,19033,6607,6749,4539,0,156
432,60464,35209,25255,7314,0,1475,3473,3501,0,19446
433,65918,35343,30575,7423,19283,847,1088,6542,0,160
434,68987,43465,25522,13761,20697,1532,2345,4900,0,230
435,68037,45749,22288,20827,15945,816,1281,6582,0,298
437,55572,35250,20322,5620,18663,1072,754,5420,3556,165
438,66035,46748,19287,24682,8879,1644,1336,8528,0,1679
439,71475,44483,26992,11527,17529,5718,1152,8557,0,0
440,71652,43137,28515,8187,23630,1589,839,8892,0,0
442,68129,49032,19097,28152,7645,3330,1732,8173,0,0
443,78978,50689,28289,10076,25356,5453,5890,3451,0,463
444,76174,57247,18927,26153,7274,16571,2497,3963,0,789
447,64573,44448,20125,20978,15525,1487,1043,5415,0,0
448,70817,46854,23963,12968,19691,2957,0,10738,0,500
449,65209,43921,21288,26202,6308,3745,2313,5353,0,0
451,72530,47075,25455,18684,16759,1774,1218,7485,0,1155
452,68246,42606,25640,16020,14994,1265,1023,9152,0,152
453,73274,47963,25311,18120,0,2008,3401,6731,0,17703
454,58940,37882,21058,6569,15554,4904,992,5085,4348,430
455,72557,47393,25164,23745,6102,5572,2198,7956,0,1820
456,82081,51044,31037,12962,29886,2149,2463,3128,0,456
457,73105,45390,27715,21343,10806,2828,1450,8660,0,303
458,71639,41903,29736,14585,8184,9344,3145,5595,0,1050
459,57291,40556,16735,16383,11414,780,1452,4257,2518,3752
460,59981,33469,26512,6688,0,1244,1643,5139,0,18755
461,70533,50927,19606,23637,19136,1926,1539,4689,0,0
462,63923,42813,21110,23018,12838,2717,2067,1989,0,184
463,77174,53220,23954,29088,6705,1622,1529,11858,0,2418
464,73232,50494,22738,23217,16697,3719,3214,3647,0,0
465,72567,48404,24163,23082,16432,2355,1406,4826,0,303
466,64826,40919,23907,6630,0,7558,880,7516,0,18335
467,65531,44098,21433,20771,13717,1349,960,7133,0,168
468,73429,51349,22080,29151,6578,5369,3434,6817,0,0
470,51811,31538,20273,2116,15976,474,453,3998,8521,0
471,77379,52243,25136,25404,11798,2756,2193,8250,0,1842
472,79062,53999,25063,27744,7124,3465,2313,8194,0,5159
473,77303,59101,18202,34404,7296,11389,3548,2464,0,0
474,77248,45430,31818,7742,20961,4667,1382,8519,0,2159
475,77119,52516,24603,23142,10396,1251,1516,16009,0,202
476,71935,43608,28327,20241,10765,1459,2195,8948,0,0
477,72594,49178,23416,25067,10268,1413,1222,11208,0,0
478,66519,48398,18121,26285,5749,8573,2280,5511,0,0
480,73779,49024,24755,22847,17193,806,1046,6862,0,270
481,74275,47019,27256,10945,20501,1992,0,13204,0,377
482,63698,37823,25875,4656,19860,1093,0,11414,0,800
483,71655,49006,22649,24040,13695,2776,1415,6855,0,225
484,73216,51222,21994,30521,10297,2537,1801,5598,0,468
485,73771,50052,23719,29901,7767,3362,2071,6951,0,0
486,73278,55164,18114,28354,14525,2783,3559,5943,0,0
488,79693,54603,25090,30383,8383,4407,2325,8678,0,427
489,80615,57563,23052,32926,6791,6079,2174,7935,0,1658
490,75825,54433,21392,25392,12660,10076,2034,4271,0,0
491,76607,50361,26246,20250,5150,12077,2318,8503,0,2063
492,75262,46256,29006,9087,26378,2046,1762,6983,0,0
493,77720,48397,29323,7707,28950,2737,2237,6766,0,0
494,65570,48312,17258,18491,4510,16022,3051,5720,0,518
495,74291,43261,31030,8823,21364,1614,2251,7806,0,1403
496,69582,50705,18877,28192,7771,5099,2762,6152,0,729
497,73511,47739,25772,20613,14413,2159,2185,8162,0,207
498,64025,36941,27084,12259,15393,770,887,6329,0,1303
499,62844,38716,24128,11432,18275,1370,1213,6426,0,0
500,67744,49021,18723,14513,26359,2086,1184,4879,0,0
501,76082,52804,23278,27725,14168,1920,1465,7389,0,137
502,71958,50124,21834,28531,6448,3937,2238,8970,0,0
503,70874,40053,30821,4407,22663,1802,1712,8856,0,613
504,72321,44173,28148,4917,24308,4278,6999,3296,0,375
505,72351,55481,16870,7544,19862,22215,1772,3575,0,513
506,67950,42048,25902,6792,20269,4746,2566,7315,0,360
507,70422,41685,28737,7242,21439,2226,1117,9128,0,533
508,73349,50698,22651,22833,18186,1094,1108,7399,0,78
509,70464,50542,19922,25269,15645,1949,2657,4479,0,543
510,76400,54102,22298,24628,15063,4268,2247,7813,0,83
511,78858,52573,26285,27041,10547,3148,2575,9262,0,0
512,76018,49378,26640,24425,9673,1563,1185,12257,0,275
513,76645,54559,22086,30248,9487,4057,3116,7651,0,0
514,87972,61944,26028,34805,10690,3500,0,9716,0,3233
515,86366,48275,38091,16085,23421,1275,1220,6274,0,0
516,77956,54779,23177,26956,5693,14054,1632,6361,0,83
517,80161,58942,21219,31540,8441,7486,3806,7669,0,0
518,69380,51110,18270,25439,12690,4029,2802,6150,0,0
519,83281,60309,22972,31960,4419,11692,5434,6439,0,365
520,76460,49207,27253,29303,6122,1466,1580,10736,0,0
521,76489,52370,24119,24313,18368,2312,0,7377,0,0
522,62730,36265,26465,6021,18589,639,1614,7975,0,1427
523,72281,44710,27571,18656,0,1595,1876,6010,0,16573
524,70270,43652,26618,14207,18017,2121,2568,5566,0,1173
525,66876,44509,22367,22175,8154,4129,2083,7803,0,165
526,67326,44101,23225,12330,8468,13652,1230,7429,0,992
527,71592,49079,22513,24386,9114,3163,1724,10234,0,458
528,68705,48767,19938,23606,14429,1348,1390,6293,0,1701
529,63104,42587,20517,21770,11596,1759,1226,6236,0,0
530,72771,49598,23173,29478,9107,1448,1298,8267,0,0
531,71357,41034,30323,11761,0,1256,1850,7720,0,18447
532,70597,47799,22798,21291,0,1582,1369,6864,0,16693
534,63931,39649,24282,9710,19771,3034,1753,5206,0,175
535,66126,39571,26555,11069,19436,884,0,7581,0,601
536,75111,51797,23314,24221,0,1366,952,5480,0,19778
537,60634,31084,29550,7008,12220,1296,1123,7041,0,2396
538,71438,38654,32784,10593,15429,1137,1091,9542,0,862
539,68091,39107,28984,12780,15319,1309,1029,8298,0,372
540,67339,47031,20308,25733,9483,2473,1191,7620,0,531
541,69077,46029,23048,21195,14501,1538,1021,7774,0,0
543,71304,51459,19845,29674,6677,6182,2128,6798,0,0
544,79137,49933,29204,12540,26474,4491,4421,1602,0,405
545,69026,46386,22640,12916,24601,1362,2187,5068,0,252
546,80544,60819,19725,27813,0,2086,2779,4848,0,23293
547,76666,54089,22577,30317,10173,3314,2664,7459,0,162
548,77816,55594,22222,28855,10013,4777,3294,8655,0,0
549,73836,51907,21929,27546,10001,4044,2253,7897,0,166
550,76198,49232,26966,25684,8604,2465,1779,10700,0,0
551,72950,41762,31188,9780,20959,1105,1706,7997,0,215
552,79654,56103,23551,32211,6627,5189,2159,9553,0,364
553,79515,54431,25084,32582,6100,4937,2400,7778,0,634
554,77548,57119,20429,34199,5415,3586,3105,5643,0,5171
555,81034,57492,23542,32268,7982,6604,2453,6898,0,1287
556,69228,49905,19323,20732,5546,16811,1051,5341,0,424
557,74956,50854,24102,27782,11365,2627,1426,7489,0,165
558,58011,33618,24393,5142,17807,1392,0,5779,3498,0
559,58776,35156,23620,7931,0,3178,1784,4744,2266,15253
560,80983,52242,28741,26295,14509,1704,1723,8011,0,0
561,73926,49263,24663,22777,16992,1817,1757,5920,0,0
562,71913,47174,24739,23606,12304,1427,1110,8727,0,0
563,65004,45298,19706,26552,8311,3850,1714,4871,0,0
564,83221,57887,25334,27849,5347,12358,2630,6921,0,2782
565,66166,40645,25521,16094,15364,927,930,7330,0,0
566,78910,55344,23566,30176,8204,7629,2207,7128,0,0
567,71478,47053,24425,23045,8411,1645,1719,12097,0,136
568,70970,49401,21569,18838,11740,932,1076,16026,0,789
569,77451,52365,25086,27545,8089,4703,2404,7805,0,1819
570,66066,48570,17496,19924,3775,18429,1316,5126,0,0
571,77559,49564,27995,16692,16156,644,0,15718,0,354
572,76270,53763,22507,29030,6835,5626,3415,8857,0,0
573,74877,53670,21207,31887,7604,3660,2366,8153,0,0
574,76782,53529,23253,22421,25263,2107,2201,1537,0,0
575,76350,48079,28271,19551,4166,16265,1557,6540,0,0
576,61896,37937,23959,8769,16938,1271,746,7203,2169,841
577,68630,47097,21533,24941,5988,4667,4845,6656,0,0
578,70803,42558,28245,5090,28654,1756,3931,1512,0,1615
579,73601,51544,22057,22681,7814,8681,4483,5967,0,1918
580,73429,51428,22001,30181,7307,4342,2659,6481,0,458
581,80250,62004,18246,25580,7129,23563,2463,3069,0,200
582,77524,53495,24029,17551,25791,1595,2017,6541,0,0
583,79300,46818,32482,8997,26191,2075,1442,7618,0,495
587,70631,44811,25820,22511,11816,2215,1414,6346,0,509
588,56505,35261,21244,13760,13523,915,0,4577,2486,0
589,72794,51293,21501,23607,16727,1309,1054,5489,2869,238
590,82231,47941,34290,13070,25778,3312,3658,1385,0,738
591,70521,42973,27548,14688,17301,1483,1069,7862,0,570
592,65495,43366,22129,9828,26176,1011,1288,5063,0,0
593,67080,36883,30197,12455,14392,840,529,8122,0,545
594,67743,41838,25905,13733,19740,676,1149,6540,0,0
595,67015,41796,25219,5584,0,1661,2661,2507,0,29383
596,60705,38528,22177,8386,19267,2407,1454,7014,0,0
597,82931,58320,24611,31092,9343,7611,2986,7288,0,0
598,63738,37829,25909,7310,22012,805,1465,6237,0,0
599,72104,45419,26685,12797,21720,1881,1264,7757,0,0
600,84767,59353,25414,25928,23178,3335,1765,4909,0,238
601,71578,50581,20997,24249,17643,2512,1994,4183,0,0
602,70152,47377,22775,20042,17069,978,894,8256,0,138
603,68190,37257,30933,7033,20478,993,1091,7321,0,341
604,83535,56149,27386,24400,14606,10152,1332,5481,0,178
605,80166,52196,27970,22104,19696,1055,1761,7580,0,0
606,80236,57017,23219,32508,6165,5180,3623,9541,0,0
607,68407,46867,21540,20227,19421,1395,1183,4547,0,94
608,74317,50430,23887,26265,9839,2240,2218,9868,0,0
609,79405,56904,22501,26247,3780,18662,2331,5644,0,240
610,73247,50205,23042,25281,13128,3140,1742,6556,0,358
611,74283,43189,31094,6441,24571,1135,0,10733,0,309
612,63637,37492,26145,9347,18817,751,628,7949,0,0
613,65524,35026,30498,8365,0,550,697,8836,0,16578
614,90640,52793,37847,8146,36132,1430,2651,3950,0,484
615,62346,39514,22832,16527,18504,1457,1322,1489,0,215
616,65857,48929,16928,16245,2661,25194,1798,3031,0,0
617,80309,52552,27757,25203,9594,5486,2592,9366,0,311
618,75990,45293,30697,9389,23625,1255,1273,8818,0,933
619,67851,50556,17295,28938,4930,7892,2350,5813,0,633
620,73018,51643,21375,27198,6948,5482,2985,9030,0,0
621,65853,48422,17431,25225,12606,6129,1986,2476,0,0
622,74119,55316,18803,30425,4613,13511,2645,4122,0,0
623,71538,50160,21378,31797,6714,4323,1834,4992,0,500
624,56956,41837,15119,15566,20165,1474,895,3737,0,0
625,55377,41858,13519,18481,18898,1433,0,2772,0,274
626,67090,47168,19922,27123,7467,2891,2038,7569,0,80
627,79767,58482,21285,35201,10046,3953,2970,5352,0,960
628,74269,51964,22305,29199,8389,6047,2109,5873,0,347
629,77881,55999,21882,32329,8132,7572,2092,5516,0,358
630,61065,34003,27062,10174,15669,935,701,6524,0,0
631,62556,34764,27792,7761,18539,798,605,7061,0,0
632,60368,40209,20159,16573,17374,845,1058,4310,0,49
633,72461,49723,22738,22534,16888,1677,2024,6378,0,222
634,73069,52225,20844,29763,7548,3750,1933,9231,0,0
635,73394,54100,19294,30342,7244,5245,3505,7764,0,0
636,58615,38463,20152,11596,16282,1708,1149,7538,0,190
637,72177,42048,30129,12654,18600,1100,1242,7688,0,764
638,74775,49898,24877,24686,9737,3360,2605,8267,0,1243
639,75617,50763,24854,26124,7955,4477,2938,9269,0,0
640,65942,45437,20505,22579,11836,1959,1443,7620,0,0
641,50992,32719,18273,10350,12181,1735,669,5072,2501,211
642,76371,51439,24932,26444,11588,4546,3086,5198,0,577
643,70637,49893,20744,26528,12377,2712,1699,6577,0,0
644,77407,49440,27967,22394,9523,1228,1117,7967,0,7211
645,75994,43263,32731,11124,21693,1927,1658,6354,0,507
646,82447,56933,25514,24178,4053,18865,2191,7646,0,0
647,49939,34926,15013,7393,10871,751,0,5121,10642,148
648,75351,47677,27674,13496,0,3804,4791,4795,0,20791
649,78561,53903,24658,26477,13348,6269,2558,5251,0,0
650,81023,49991,31032,25276,10343,2966,1731,8955,0,720
