year,electorate,votes,non_votes,con_votes,lab_votes,libdem_votes,green_votes,ukip_votes,plaid_votes,other_votes,pa_id
2010,50838,30958,19880,4411,16073,5034,0,489,2198,2753,1
2010,44593,29966,14627,10734,7336,5786,0,632,5341,137,2
2010,71465,45384,26081,21203,5489,15617,0,2041,0,1034,7
2010,58909,38634,20275,22913,7647,6833,847,0,0,394,8
2010,72208,49393,22815,24176,11073,12581,0,1563,0,0,9
2010,60931,39923,21008,12885,15804,7308,0,1009,1549,1368,10
2010,70171,45958,24213,17746,17210,6636,0,906,0,3460,11
2010,41198,26078,15120,4416,7928,3666,0,685,9383,0,16
2010,76835,55982,20853,32333,4835,15642,0,3172,0,0,18
2010,77379,48196,29183,10698,16239,16047,0,933,0,4279,19
2010,81271,55185,26086,29878,9204,12581,1014,2508,0,0,20
2010,67714,38432,29282,9510,18604,5703,0,1686,0,2929,21
2010,77844,53162,24682,27736,6695,15118,0,3613,0,0,22
2010,84379,56241,28138,29703,10773,11476,959,2806,0,524,26
2010,73868,45343,28525,8073,24628,3719,317,1300,0,7306,28
2010,65543,37001,28542,6388,17487,6394,0,1727,0,5005,29
2010,68435,38386,30049,6329,18059,6969,0,1731,0,5298,30
2010,68943,44124,24819,16018,21226,4424,530,841,0,1085,31
2010,65515,41569,23946,21922,9584,6538,0,1591,0,1934,32
2010,71874,44735,27139,19624,13852,5977,0,2639,0,2643,33
2010,75473,50654,24819,25590,10327,12414,0,2076,0,247,34
2010,76513,49577,26936,16803,25018,5570,0,1779,0,407,35
2010,66686,47086,19600,14768,3251,26651,1120,890,0,406,36
2010,76738,51109,25629,17159,21565,8095,605,0,0,3685,37
2010,74311,48792,25519,23103,17126,7176,559,505,0,323,38
2010,74982,52490,22492,32053,6135,10271,768,2597,0,666,39
2010,66219,47686,18533,27597,6893,9813,608,1551,0,1224,40
2010,68530,45102,23428,17546,16193,8957,393,1136,0,877,41
2010,76310,54897,21413,28815,8108,13663,773,2826,0,712,42
2010,78060,55552,22508,30989,8957,12047,0,2294,0,1265,43
2010,76559,50774,25785,26815,9948,10166,0,2142,0,1703,44
2010,77628,44651,32977,7638,13060,21590,718,0,0,1645,49
2010,56578,38439,18139,14116,5061,16806,0,1243,0,1213,50
2010,81243,50728,30515,7071,21784,10210,856,0,0,10807,52
2010,79318,53199,26119,25063,11224,12076,686,1845,0,2305,53
2010,81032,54587,26445,28147,6524,15267,0,0,0,4649,54
2010,65015,43182,21833,21794,11450,5502,371,1557,0,2508,55
2010,62773,35323,27450,6687,22082,6554,0,0,0,0,56
2010,68573,41571,27002,15620,16894,6387,469,732,0,1469,57
2010,66405,35546,30859,11592,14869,5742,0,842,0,2501,58
2010,76580,48727,27853,7320,16039,11988,0,950,0,12430,59
2010,75040,42472,32568,4936,22077,11775,0,714,0,2970,60
2010,73646,35833,37813,4277,19950,9845,859,902,0,0,61
2010,71338,41814,29524,14059,16841,6550,406,1363,0,2595,62
2010,71304,42045,29259,8960,21142,9234,0,1675,0,1034,63
2010,74805,46563,28242,14468,17950,10371,664,1131,0,1979,64
2010,72321,40850,31471,7836,13160,16162,0,1190,0,2502,65
2010,68368,41136,27232,10805,16023,9189,0,1119,0,4000,66
2010,72331,45499,26832,11895,21751,6918,0,942,0,3993,67
2010,69489,34204,35285,6260,18563,4861,0,894,0,3626,68
2010,66017,40591,25426,16964,14814,5400,0,1659,0,1754,69
2010,63027,35192,27835,12597,14449,5082,0,1352,0,1712,70
2010,52442,32395,20047,2265,16974,3285,0,488,1333,8050,71
2010,67808,44913,22895,7159,22297,13180,0,0,0,2277,72
2010,62900,38566,24334,6412,17156,10488,0,1665,0,2845,73
2010,70816,46852,23964,24087,6580,11024,0,3036,0,2125,74
2010,72766,43988,28778,10812,21994,6821,0,1721,0,2640,75
2010,66846,43277,23569,15786,19870,5624,0,1815,0,182,76
2010,69499,39604,29895,10148,18782,6289,614,1564,0,2207,77
2010,71284,47576,23708,18235,18327,8177,545,1901,0,391,78
2010,71422,41277,30145,3678,27426,6245,0,2514,0,1414,79
2010,67186,43125,24061,21325,8899,6371,0,4081,0,2449,80
2010,77296,54274,23022,23132,8674,18100,0,1098,0,3270,81
2010,71125,44024,27101,21320,5836,13592,0,3027,0,249,82
2010,71753,41659,30094,18808,6171,13225,0,2999,0,456,83
2010,76888,52136,24752,27327,8755,11623,821,2297,0,1313,84
2010,65116,40457,24659,10860,13272,13637,0,0,0,2688,85
2010,63580,37995,25585,11060,15682,6948,0,1339,0,2966,86
2010,62519,40576,21943,12638,18401,4732,940,812,0,3053,87
2010,71163,49203,21960,25901,9780,9247,718,2477,0,1080,88
2010,53589,38845,14744,14182,4096,17929,341,876,989,432,89
2010,74046,45323,28723,5067,18681,20026,668,0,0,881,90
2010,83896,52298,31598,16486,24514,8879,725,380,0,1314,91
2010,83546,53765,29781,20022,18064,12718,787,863,0,1311,92
2010,69309,50592,18717,28793,4992,11872,584,2037,0,2314,93
2010,58700,38347,20353,11668,13931,8658,0,801,2269,1020,94
2010,82180,54493,27687,24675,9332,15426,859,2604,0,1597,95
2010,67345,43874,23471,19680,14533,6414,0,1749,0,1498,96
2010,66015,42705,23310,16217,14889,7691,2330,1384,0,194,97
2010,74009,51834,22175,12275,14986,7159,16238,948,0,228,98
2010,69448,45017,24431,12749,16471,10993,803,1510,0,2491,99
2010,73469,50336,23133,19115,13059,15841,511,1175,0,635,100
2010,78579,48377,30202,11086,18600,13866,1216,1264,0,2345,101
2010,82728,55347,27381,10169,15227,26593,2090,655,0,613,102
2010,72445,52676,19769,24338,7287,17046,752,2382,0,871,103
2010,65427,44037,21390,23569,7295,9669,607,1451,0,1446,104
2010,73036,51630,21406,22558,11250,10124,0,2950,0,4748,105
2010,71391,45658,25733,26844,8040,6107,0,1890,0,2777,106
2010,72042,52727,19315,20585,20196,8907,423,1194,0,1422,107
2010,74989,48335,26654,0,0,0,0,8401,0,39934,108
2010,66615,41845,24770,6950,13114,14932,0,929,0,5920,109
2010,74874,49823,25051,22188,15884,7891,0,1451,0,2409,110
2010,66759,44961,21798,18070,15827,7645,0,1282,0,2137,111
2010,73544,48267,25277,16216,19508,8796,493,1017,0,2237,112
2010,84716,58718,25998,27899,9776,15519,2521,3003,0,0,113
2010,62122,38692,23430,6622,17377,5688,0,910,6460,1635,114
2010,76903,51780,25123,20397,13966,13037,858,1173,0,2349,116
2010,78627,46659,31968,6080,27619,10432,1361,0,0,1167,117
2010,63975,42493,21482,15969,6945,15903,581,2152,0,943,118
2010,74699,50130,24569,12829,12174,19621,3804,1195,0,507,119
2010,73224,52064,21160,26862,9274,10437,0,2791,0,2700,120
2010,88851,58283,30568,29425,9877,12748,0,4826,0,1407,121
2010,78995,59056,19939,27995,6024,20157,1039,1873,0,1968,122
2010,83068,57602,25466,27629,4380,21683,766,2138,0,1006,123
2010,74508,45559,28949,18271,15076,7732,0,1580,0,2900,124
2010,74121,49209,24912,22050,7940,16002,1137,1907,0,173,125
2010,61165,36151,25014,7799,10400,14976,575,765,1246,390,126
2010,65553,47630,17923,17860,17666,8724,362,1130,1588,300,127
2010,73707,44369,29338,12553,17262,9875,554,1145,1851,1129,128
2010,62787,40958,21829,12143,16894,7186,750,1117,2868,0,129
2010,65263,42200,23063,16589,15736,6567,614,969,0,1725,130
2010,52385,38011,14374,8506,10065,4609,0,1285,13546,0,131
2010,58108,40507,17601,16649,13226,4890,0,1146,4232,364,132
2010,66524,45918,20606,16920,4015,22180,355,1348,0,1100,133
2010,67284,45026,22258,19806,6609,4232,0,0,0,14379,134
2010,59882,38258,21624,4421,2210,19139,696,977,10815,0,135
2010,74473,53542,20931,26560,10536,11531,0,1799,0,3116,136
2010,67964,43807,24157,20230,14161,5832,396,1314,0,1874,137
2010,71635,52512,19123,21445,4920,24717,0,1430,0,0,138
2010,77525,54593,22932,25207,5980,20097,476,1527,0,1306,139
2010,66257,39856,26401,24093,7371,6473,671,478,0,770,140
2010,78998,52786,26212,21739,2703,26659,0,1192,0,493,141
2010,70333,52444,17889,31658,2942,14948,767,2129,0,0,142
2010,70131,46790,23341,18995,16412,8930,535,1225,0,693,143
2010,71878,45839,26039,7214,17891,17342,600,1432,0,1360,144
2010,81576,56787,24789,31427,5937,15550,0,3873,0,0,145
2010,64831,43106,21725,22743,9780,7242,650,1133,0,1558,146
2010,72106,52385,19721,21500,3620,23970,446,1783,0,1066,147
2010,75120,50608,24512,24700,12773,10202,1021,1442,0,470,148
2010,70976,49774,21202,18922,21515,6957,0,2021,0,359,149
2010,68859,49416,19443,27888,4849,12478,0,4201,0,0,150
2010,66849,36931,29918,19264,8188,7574,778,664,0,463,151
2010,67194,43123,24071,22867,10799,5577,535,0,0,3345,152
2010,70214,44966,25248,18939,14641,8192,0,3194,0,0,153
2010,53748,34681,19067,10477,13311,5965,0,819,3009,1100,154
2010,57913,38111,19802,15833,9414,5801,0,864,5864,335,155
2010,74064,46139,27925,15169,5680,22151,694,1350,0,1095,157
2010,80060,55296,24764,20440,14589,15603,867,1163,0,2634,158
2010,72280,50780,21500,23250,8747,16187,0,2147,0,449,159
2010,63149,42787,20362,15866,19699,4365,389,994,0,1474,160
2010,78024,54236,23788,22886,20991,7834,0,0,0,2525,161
2010,67940,46844,21096,19531,1971,22512,0,2300,0,530,162
2010,71373,49617,21756,22390,3507,19170,826,3083,0,641,163
2010,76729,54832,21897,29075,5886,16211,940,2292,0,428,164
2010,73035,43383,29652,9609,21384,7210,0,1291,0,3889,165
2010,72871,46560,26311,13648,19936,8344,497,1295,0,2840,166
2010,73652,45924,27728,15352,19197,8278,639,1767,0,691,167
2010,72781,47504,25277,21264,15336,6844,598,1382,0,2080,168
2010,79728,51084,28644,23420,17374,7656,0,1414,0,1220,169
2010,76349,49667,26682,19567,16688,6553,581,997,0,5281,170
2010,85216,51676,33540,12466,28947,7226,1017,891,0,1129,171
2010,81303,56322,24981,28684,11287,12866,981,2504,0,0,172
2010,50650,29876,20774,3010,15681,4120,0,1001,6064,0,174
2010,69764,44232,25532,15183,17813,3806,296,1569,0,5565,175
2010,68168,42896,25272,13503,16891,10046,0,1194,0,1262,176
2010,76271,50080,26191,24428,13800,7361,0,1842,0,2649,177
2010,71452,51774,19678,29252,8168,10064,770,2333,0,1187,178
2010,53470,36984,16486,12811,15083,5747,0,655,1844,844,179
2010,66330,37635,28695,9360,19191,6727,0,2060,0,297,180
2010,71474,45080,26394,14283,14896,12638,0,829,0,2434,181
2010,70999,41188,29811,11729,17851,8430,0,1821,0,1357,182
2010,63376,46780,16596,24378,9061,10512,772,1779,0,278,183
2010,66074,47342,18732,22877,11585,9711,0,1252,0,1917,184
2010,71398,47034,24364,15503,17948,10947,0,2636,0,0,185
2010,70608,50419,20189,22935,15807,8012,0,1206,0,2459,186
2010,67379,46340,21039,25519,4711,12514,813,2076,0,707,187
2010,71203,53873,17330,27737,3715,18507,1044,2870,0,0,188
2010,73109,53092,20017,25662,5721,16548,815,4346,0,0,189
2010,74508,51321,23187,18484,2671,24305,697,3720,0,1444,190
2010,70813,49860,20953,27908,6193,12034,641,3084,0,0,191
2010,77360,55257,22103,25230,2917,22273,1050,3021,0,766,192
2010,78910,54008,24902,18898,17372,9150,849,0,0,7739,193
2010,72597,43420,29177,12877,16472,7422,0,1904,0,4745,194
2010,72985,41745,31240,10340,16569,8795,0,1421,0,4620,195
2010,71681,41483,30198,8728,19637,6174,0,1797,0,5147,196
2010,64660,46788,17872,20831,2748,21100,0,2109,0,0,197
2010,73741,54141,19600,27640,2910,20015,546,2812,0,218,198
2010,73360,50310,23050,22667,15224,9557,595,2034,0,233,199
2010,76869,57337,19532,27287,3815,23364,675,2196,0,0,200
2010,71833,50385,21448,22174,16900,7962,0,1747,0,1602,201
2010,60838,38602,22236,14274,14923,4066,0,3267,0,2072,204
2010,60572,38165,22407,16450,12594,5989,0,3132,0,0,205
2010,72817,48214,24603,10684,22461,13096,1266,707,0,0,206
2010,68832,46252,22580,6146,20496,17429,0,856,0,1325,214
2010,67544,40967,26577,8622,20698,8617,0,1344,0,1686,215
2010,70350,43815,26535,8766,18539,10927,0,1259,0,4324,216
2010,45354,28906,16448,6447,4021,3538,0,776,12814,1310,217
2010,70251,47200,23051,17944,14228,13041,737,765,0,485,218
2010,73104,47678,25426,14722,24023,6283,505,685,0,1460,219
2010,66970,42756,24214,12733,22024,6383,705,0,0,911,220
2010,63879,34914,28965,4790,20579,5597,0,1631,0,2317,221
2010,90674,50373,40301,7645,35471,5849,586,0,0,822,222
2010,77840,52124,25716,21223,2497,24658,0,1305,0,2441,225
2010,77436,53650,23786,21102,5153,24966,0,1933,0,496,226
2010,72100,45414,26686,23472,9794,10217,0,1931,0,0,227
2010,63904,40377,23527,12052,21665,4252,516,1036,0,856,233
2010,66509,44233,22276,15419,19750,6663,0,1619,0,782,234
2010,77724,55789,21935,23778,19257,9109,0,1593,0,2052,235
2010,62590,41964,20626,15753,17416,5299,419,1011,0,2066,236
2010,66261,44453,21808,18804,17112,5403,489,938,0,1707,237
2010,64139,44352,19787,21928,14302,6124,632,505,0,861,238
2010,72186,46584,25602,25148,6641,10017,659,1852,0,2267,239
2010,79908,54955,24953,30868,6538,14734,0,2549,0,266,240
2010,69655,47642,22013,18805,16304,8343,534,855,0,2801,241
2010,69900,42476,27424,13365,19068,5116,322,1139,0,3466,242
2010,75338,54543,20795,32134,5829,13541,0,1783,0,1256,243
2010,77158,52247,24911,17221,19942,10581,792,1930,0,1781,244
2010,75915,54345,21570,30037,7719,12945,791,2235,0,618,246
2010,68858,46712,22146,26250,7748,9162,890,1722,0,940,247
2010,81058,48536,32522,16516,21174,6679,530,992,0,2645,248
2010,69003,48301,20702,19686,12772,12197,441,1506,0,1699,251
2010,70722,47157,23565,21688,15879,8036,737,817,0,0,252
2010,78005,52800,25205,26109,5719,15987,637,2439,0,1909,253
2010,68419,48763,19656,22853,11789,10676,923,2522,0,0,254
2010,65926,43690,22236,22826,8624,9641,654,1945,0,0,256
2010,72939,49251,23688,24266,7701,13707,0,2065,0,1512,257
2010,71312,42825,28487,6908,25493,8616,0,1540,0,268,258
2010,66492,38257,28235,5716,20712,8163,379,1103,0,2184,259
2010,70866,48190,22676,17962,19821,7350,0,1459,0,1598,260
2010,70814,46786,24028,21624,12944,8484,356,1515,0,1863,261
2010,79321,50764,28557,20267,17847,9767,511,1808,0,564,270
2010,72816,46939,25877,24300,7944,9887,573,1496,0,2739,272
2010,61696,41671,20025,13333,16016,7947,0,652,2760,963,273
2010,78008,52799,25209,26552,9503,11726,0,1604,0,3414,274
2010,70195,47303,22892,22956,13644,6293,675,2265,0,1470,275
2010,61229,32954,28275,10063,10777,7388,0,2043,0,2683,276
2010,70315,43057,27258,18571,14295,6188,416,2066,0,1521,277
2010,65489,41188,24301,10109,20262,7498,1054,0,0,2265,278
2010,77082,55567,21515,29618,2812,21836,0,1021,0,280,279
2010,73906,46461,27445,6759,25553,11092,2133,0,0,924,280
2010,72841,42858,29983,5800,23888,9600,1493,651,0,1426,281
2010,63693,43979,19714,18115,16092,6515,0,2824,0,433,282
2010,70380,43555,26825,14806,16278,8335,0,654,0,3482,283
2010,70254,48737,21517,24486,7630,12884,669,0,0,3068,284
2010,68846,41338,27508,8339,23843,5718,647,1228,0,1563,285
2010,72348,47452,24896,17261,20810,7567,696,551,0,567,286
2010,72262,51317,20945,29137,4043,15640,0,1477,0,1020,287
2010,72196,52939,19257,32075,5173,13478,0,2213,0,0,288
2010,76695,53292,23403,31072,6980,12489,0,2751,0,0,289
2010,80373,52822,27551,17290,17332,16491,759,408,0,542,290
2010,77917,54945,22972,26894,6981,17097,0,1462,0,2511,291
2010,67583,43878,23705,19691,14766,5990,0,1591,0,1840,292
2010,74760,53134,21626,24305,3413,23266,0,1056,0,1094,293
2010,70510,48006,22504,21435,18032,6850,793,896,0,0,294
2010,68554,46116,22438,16968,20111,7458,625,954,0,0,295
2010,68927,38242,30685,10758,16267,6533,0,2682,0,2002,296
2010,70743,49000,21743,23001,9774,11554,909,2527,0,1235,297
2010,77030,49814,27216,20468,18475,7825,0,1397,0,1649,298
2010,69662,43903,25759,22433,7777,10273,0,2611,0,809,299
2010,70231,42637,27594,12553,23377,3726,348,0,0,2633,300
2010,62300,41981,20319,14114,5234,20485,0,2148,0,0,301
2010,72752,49471,23281,24721,10295,11315,0,1254,0,1886,302
2010,75542,43840,31702,10662,20506,5667,0,0,0,7005,303
2010,72943,46374,26569,19635,19529,5734,518,958,0,0,304
2010,73123,53520,19603,30054,5835,13466,1328,1817,0,1020,305
2010,72021,48381,23640,22366,3506,19885,0,1638,0,986,306
2010,66946,47568,19378,24631,3373,14744,1533,2701,0,586,307
2010,78459,55377,23082,29810,7620,14373,0,1716,0,1858,308
2010,72200,50425,21775,26995,8291,11801,875,2075,0,388,309
2010,78248,56750,21498,30773,6526,15853,0,1450,0,2148,310
2010,73057,47270,25787,26476,8871,8210,604,1712,0,1397,311
2010,60360,43483,16877,18795,8253,13007,0,0,0,3428,312
2010,80171,46125,34046,12528,18499,10474,0,1215,0,3409,313
2010,71458,50337,21121,20587,15910,10993,922,1690,0,235,314
2010,73851,54707,19144,29869,7413,14598,807,1663,0,357,315
2010,86563,54649,31914,11134,25198,15256,1480,587,0,994,316
2010,78547,53390,25157,27469,11098,7426,542,2848,0,4007,317
2010,78748,55042,23706,9174,18720,25595,1261,0,0,292,318
2010,77564,55841,21723,29447,4189,17987,570,2839,0,809,319
2010,68729,38021,30708,8147,19137,5292,0,1022,0,4423,320
2010,71720,49819,21901,18294,16426,11240,2568,1206,0,85,321
2010,66318,40524,25794,11253,15725,10023,1641,0,0,1882,322
2010,67530,34184,33346,5667,16387,7790,0,2745,0,1595,323
2010,64082,33291,30791,4365,13044,12403,478,1358,0,1643,324
2010,57264,31505,25759,6361,13378,7636,0,1688,0,2442,325
2010,83557,54266,29291,26516,5982,15697,652,3258,0,2161,326
2010,67221,42672,24549,14441,17531,5033,463,1481,0,3723,327
2010,72372,47018,25354,21506,16102,5966,572,871,0,2001,328
2010,86220,51191,35029,14014,25301,8679,1319,1132,0,746,329
2010,75770,46941,28829,18371,16292,8556,775,1365,0,1582,332
2010,109922,70264,39658,32810,8169,22283,931,2435,0,3636,333
2010,68119,44554,23565,6339,24276,11875,1348,716,0,0,334
2010,67650,43555,24095,8449,18407,14838,710,701,0,450,335
2010,54866,34684,20182,4854,17069,3597,0,930,4518,3716,336
2010,64350,38784,25566,8002,20910,7163,0,0,0,2709,337
2010,65893,47692,18201,20003,17063,7059,0,1470,0,2097,338
2010,64362,48431,15931,25945,6949,13393,568,1214,0,362,339
2010,65975,35150,30825,17595,8979,6872,753,754,0,197,340
2010,68824,47328,21496,23247,14153,7498,0,0,0,2430,341
2010,81115,57111,24004,20868,5337,28428,555,1450,0,473,343
2010,66361,47906,18455,19362,16917,8072,383,1528,0,1644,344
2010,79564,44658,34906,4004,31650,5964,0,1145,0,1895,346
2010,73835,48473,25362,17540,21883,6573,485,1775,0,217,349
2010,67379,42701,24678,15404,15071,8167,1888,1020,0,1151,350
2010,81266,37394,43872,7541,18434,7789,0,0,0,3630,351
2010,64698,37813,26885,8763,19056,6618,0,0,0,3376,352
2010,67899,47535,20364,15742,20287,9310,0,842,0,1354,353
2010,65399,43483,21916,11550,9132,20653,508,600,0,1040,354
2010,67453,38752,28701,7641,16389,9373,1832,1140,0,2377,355
2010,72986,47995,24991,11722,25804,6817,733,725,0,2194,356
2010,77175,47124,30051,10066,21479,12671,770,720,0,1418,357
2010,64900,35819,29081,9728,13745,8107,639,883,0,2717,358
2010,71217,51952,19265,23147,15636,8639,0,1134,0,3396,359
2010,76633,54577,22056,27000,11392,11476,0,1988,0,2721,360
2010,75903,44332,31571,9284,21295,8049,0,1535,0,4169,361
2010,68708,50088,18620,18401,2508,26048,729,1728,0,674,362
2010,67058,41220,25838,5551,22132,9633,2772,0,0,1132,363
2010,65926,41719,24207,9850,17966,11750,624,771,0,758,364
2010,69022,45028,23994,11489,18501,12673,931,1117,0,317,365
2010,63541,40159,23382,8928,17511,11095,562,1080,0,983,366
2010,72586,51563,21023,28048,10230,10365,0,2920,0,0,367
2010,73540,45721,27819,17163,16105,9256,0,1004,0,2193,368
2010,74539,38801,35738,4243,22998,8825,1355,674,0,706,370
2010,62612,34335,28277,2241,24709,4891,0,898,0,1596,371
2010,62518,37914,24604,2830,20132,12965,598,890,0,499,372
2010,63082,35784,27298,3311,22953,4486,0,1093,0,3941,373
2010,55637,37461,18176,5381,15916,3902,0,1047,11215,0,375
2010,77505,52838,24667,21971,18227,9675,0,925,0,2040,377
2010,77650,50494,27156,25065,8760,11194,0,2183,0,3292,378
2010,66632,48732,17900,25720,3272,15971,447,2127,0,1195,379
2010,65645,43018,22627,13672,21192,4784,490,1564,0,1316,380
2010,65219,42216,23003,12396,14725,9567,366,975,0,4187,381
2010,75370,50059,25311,23503,10164,11544,840,1418,0,2590,382
2010,72844,53720,19124,31937,3795,15168,482,1243,0,1095,383
2010,71041,48928,22113,23491,4769,17602,655,1637,0,774,384
2010,73813,43771,30042,8210,20700,7082,0,0,0,7779,385
2010,68777,47895,20882,28661,6070,9254,0,2446,0,1464,386
2010,90110,39927,50183,4704,21059,10620,915,607,0,2022,387
2010,75933,38325,37608,4224,19211,12508,1048,0,0,1334,388
2010,74371,45031,29340,5005,18216,20110,798,698,0,204,389
2010,80069,48395,31674,12741,18753,7469,0,2985,0,6447,390
2010,70488,51238,19250,28818,3266,16693,0,1490,0,971,391
2010,82228,52162,30066,26956,10703,9278,678,1378,0,3169,392
2010,54715,32076,22639,2412,14007,9951,0,872,1621,3213,393
2010,65148,33455,31693,6283,15351,6662,0,1236,0,3923,394
2010,72666,46214,26452,16461,18138,7340,0,1881,0,2394,395
2010,82432,53888,28544,23419,14458,11894,733,1772,0,1612,397
2010,86559,55333,31226,23034,17833,9787,774,2074,0,1831,398
2010,65939,43797,22142,11056,24722,5202,381,857,0,1579,399
2010,72297,54324,17973,31263,3804,15610,895,2752,0,0,400
2010,64538,46519,18019,22466,12041,9026,587,1126,1273,0,401
2010,48730,33813,14917,13976,2407,12792,0,1128,2802,708,402
2010,69576,43436,26140,18035,17169,5791,598,1843,0,0,404
2010,74891,48856,26035,17264,18365,8186,0,1506,0,3535,405
2010,57295,37122,20173,4847,17172,5535,0,829,7397,1342,408
2010,72858,50036,22822,26443,4915,15136,1024,2518,0,0,409
2010,68332,47572,20760,27980,4666,11084,1059,2783,0,0,410
2010,71755,51228,20527,27590,11438,10246,0,1954,0,0,411
2010,79144,58589,20555,33057,2505,20809,490,1475,0,253,412
2010,69433,43191,26242,14841,16393,8466,0,3491,0,0,413
2010,60507,34157,26350,6611,15694,8228,568,754,0,2302,414
2010,64487,37840,26647,6068,17043,12590,620,0,0,1519,415
2010,67110,43946,23164,7966,17950,14536,319,1285,0,1890,416
2010,54437,34448,19989,7918,12744,11094,0,677,724,1291,417
2010,62111,39720,22391,12845,16389,6587,450,1144,1122,1183,418
2010,69319,48283,21036,20774,3387,20251,701,3088,0,82,420
2010,74260,50765,23495,25123,8857,11267,1457,2800,0,1261,421
2010,67851,49661,18190,15928,2896,27554,508,2680,0,95,422
2010,73105,47800,25305,25916,6353,11106,745,1841,0,1839,423
2010,76179,54993,21186,27133,7252,16193,1000,2329,0,1086,424
2010,73758,49150,24608,23753,9119,10613,830,3061,0,1774,425
2010,82336,46239,36097,11314,22293,7585,0,0,0,5047,426
2010,61850,40271,21579,13735,11799,11250,443,1238,0,1806,427
2010,63105,38978,24127,15917,9913,7579,363,1897,0,3309,428
2010,82033,59890,22143,33081,10380,12603,685,2406,0,735,429
2010,64814,42573,22241,17280,13379,7783,1245,1878,0,1008,430
2010,73649,47551,26098,10902,13650,13960,7095,1145,0,799,431
2010,58705,33112,25593,7846,15022,8053,928,1138,0,125,432
2010,63240,34285,28955,8508,16646,5849,0,1338,0,1944,433
2010,67441,40789,26652,13437,15209,9406,630,967,0,1140,434
2010,67837,44646,23191,18536,16467,6846,0,0,0,2797,435
2010,55527,34650,20877,5398,18644,5260,0,780,3326,1242,437
2010,65699,45492,20207,24625,8768,6996,371,1532,0,3200,438
2010,72557,44520,28037,11773,14186,14083,0,1720,0,2758,439
2010,72359,42910,29449,10151,19503,8193,0,1387,0,3676,440
2010,67732,48911,18821,29200,4400,12000,511,1360,0,1440,442
2010,81903,51651,30252,9727,21938,17357,1238,1202,0,189,443
2010,86458,56480,29978,23906,5999,23730,1184,1518,0,143,444
2010,66422,45045,21377,17512,13927,9095,0,1476,0,3035,447
2010,68480,46516,21964,14516,17565,9800,0,1936,0,2699,448
2010,64484,45087,19397,24071,5834,12830,0,1259,0,1093,449
2010,70278,44927,25351,18133,13272,8816,523,3007,0,1176,451
2010,68062,41526,26536,13845,15433,7016,398,3188,0,1646,452
2010,72938,43894,29044,15050,13901,10829,904,2854,0,356,453
2010,58205,36671,21534,5932,14220,11435,361,1229,2673,821,454
2010,72641,47436,25205,22532,6041,14991,0,2507,0,1365,455
2010,74955,46700,28255,12649,18679,5209,449,565,0,9149,456
2010,70329,44118,26211,19533,12244,8874,461,1812,0,1194,457
2010,70242,41264,28978,13721,5640,18921,716,876,0,1390,458
2010,57400,39602,17798,16944,12339,5759,0,906,3654,0,459
2010,61187,32505,28682,7060,15668,7935,0,1462,0,380,460
2010,69257,49083,20174,18874,17215,10224,0,1221,0,1549,461
2010,63371,40785,22586,21223,11170,6907,591,435,0,459,462
2010,75661,52343,23318,30257,7577,7919,0,2211,0,4379,463
2010,74929,49985,24944,21269,12729,13664,1069,1086,0,168,464
2010,72120,47530,24590,20523,14519,9546,582,1508,0,852,465
2010,67127,41963,25164,5790,13741,18955,0,1875,0,1602,466
2010,66573,44018,22555,19138,13317,7750,393,1497,0,1923,467
2010,71604,49978,21626,26688,5672,13097,1087,2089,0,1345,468
2010,51554,31072,20482,1993,17183,3309,0,358,5630,2599,470
2010,77789,52287,25502,26298,11529,10732,0,3496,0,232,471
2010,80563,53412,27151,33541,8150,10205,1516,0,0,0,472
2010,77751,59268,18483,29461,2979,25370,572,669,0,217,473
2010,78952,45907,33045,8305,16699,15810,0,1999,0,3094,474
2010,73758,47971,25787,23604,13651,7800,734,0,0,2182,475
2010,71467,41631,29836,19509,8459,8084,707,2405,0,2467,476
2010,71306,46481,24825,26031,9077,5572,447,2050,0,3304,477
2010,68157,48939,19218,24345,3116,20189,0,1289,0,0,478
2010,73229,47128,26101,19691,15198,8541,0,1617,0,2081,480
2010,72847,46758,26089,13281,19147,8111,0,2613,0,3606,481
2010,63563,37506,26057,6279,16741,5994,0,2220,0,6272,482
2010,68914,47468,21446,20901,14901,9434,451,406,0,1375,483
2010,70873,50205,20668,28866,9806,8345,740,1351,0,1097,484
2010,72566,48150,24416,26915,6446,10406,696,3146,0,541,485
2010,72955,53687,19268,27470,11128,11659,1251,2179,0,0,486
2010,77185,55220,21965,28228,7893,14228,0,2526,0,2345,488
2010,76035,54369,21666,30155,5288,14913,735,2228,0,1050,489
2010,70058,52835,17223,21533,9288,19228,758,2028,0,0,490
2010,75284,47238,28046,18877,3386,20189,0,1757,0,3029,491
2010,74985,44556,30429,9940,23041,8992,0,2100,0,483,492
2010,77975,46081,31894,8209,24364,10242,0,1226,0,2040,493
2010,66944,45921,21023,17900,3751,19619,1308,2560,0,783,494
2010,75483,41533,33950,8497,16655,10930,0,1084,0,4367,495
2010,67430,48481,18949,23859,3690,17893,506,1392,0,1141,496
2010,75470,49282,26188,21108,12978,11093,734,1484,0,1885,497
2010,63089,37034,26055,12091,14640,6774,396,1686,0,1447,498
2010,64728,40222,24506,9445,18141,8033,0,1479,0,3124,499
2010,67511,48463,19048,16445,20307,9656,0,2055,0,0,500
2010,72804,51728,21076,25562,13297,9180,0,1635,0,2054,501
2010,69591,49408,20183,28076,6541,10561,0,1782,0,2448,502
2010,67740,38914,28826,4468,21400,7768,0,1596,0,3682,503
2010,67554,41468,26086,4206,17138,16973,1556,652,0,943,504
2010,68798,51135,17663,12040,8228,27324,919,1195,0,1429,505
2010,65571,40871,24700,7081,17409,11602,989,1530,0,2260,506
2010,67068,41408,25660,7202,20169,9664,0,1889,0,2484,507
2010,71443,48954,22489,19211,18997,7283,0,1490,0,1973,508
2010,67689,49427,18262,24002,14058,9890,1477,0,0,0,509
2010,75446,53045,22401,23313,10915,15369,565,1627,0,1256,510
2010,78930,51869,27061,26692,9406,10864,808,2432,0,1667,511
2010,75855,48578,27277,24313,11930,7943,0,2610,0,1782,512
2010,77381,54724,22657,27685,5498,17735,0,1909,0,1897,513
2010,84806,59530,25276,30719,10051,10814,0,2163,0,5783,514
2010,77473,47742,29731,16361,21884,6943,542,1517,0,495,515
2010,76288,55129,21159,23460,4891,23635,0,1200,0,1943,516
2010,77306,57941,19365,28549,6448,20687,0,2257,0,0,517
2010,67881,51203,16678,21130,16216,11433,670,1754,0,0,518
2010,81548,60612,20936,26976,2675,28793,0,1932,0,236,519
2010,76243,50188,26055,29639,7024,7759,724,3246,0,1796,520
2010,75822,51458,24364,23396,17842,7271,0,1895,0,1054,521
2010,64084,36518,27566,7886,18995,5189,762,0,0,3686,522
2010,74532,44412,30120,16134,16326,9256,600,1928,0,168,523
2010,71931,44187,27744,14588,17001,9865,881,1726,0,126,524
2010,66918,43606,23312,20086,5850,12816,644,1714,0,2496,525
2010,67200,43757,23443,15683,4116,21707,0,2251,0,0,526
2010,70479,47304,23175,22261,7789,12242,0,4009,0,1003,527
2010,70667,50239,20428,22047,16587,8211,564,1727,0,1103,528
2010,62137,43815,18322,19793,13104,7338,0,3580,0,0,529
2010,73849,50440,23409,26834,10244,8427,0,2753,0,2182,530
2010,69081,40879,28202,13445,16189,6965,679,1342,0,2259,531
2010,68937,44651,24286,18491,14913,7432,0,2004,0,1811,532
2010,62879,39128,23751,9913,16697,9778,677,862,0,1201,534
2010,66752,39498,27254,10247,16923,6342,0,1556,0,4430,535
2010,73840,50284,23556,19577,19245,7600,0,1471,0,2391,536
2010,61003,32470,28533,6833,12605,7039,0,1402,0,4591,537
2010,72054,40196,31858,9580,17815,7120,0,2485,0,3196,538
2010,68032,39852,28180,11316,15446,6323,0,1363,0,5404,539
2010,67062,47229,19833,23890,9770,10598,490,2481,0,0,540
2010,69637,47234,22403,20153,14989,7733,394,2103,0,1862,541
2010,69517,50542,18975,26052,4809,14706,527,1846,0,2602,543
2010,74532,46837,27695,8578,20037,16778,861,0,0,583,544
2010,70991,44910,26081,12886,21821,7601,916,1508,0,178,545
2010,78286,57973,20313,23679,22380,8955,1542,1301,0,116,546
2010,75786,53420,22366,27125,8636,13339,1452,2361,0,507,547
2010,76572,54893,21679,25475,8812,16347,1103,3156,0,0,548
2010,72498,51416,21082,24550,7368,15861,0,3637,0,0,549
2010,74374,48089,26285,24312,7089,11262,0,3085,0,2341,550
2010,74485,42463,32022,12770,19495,7191,0,1094,0,1913,551
2010,76855,54640,22215,31007,4925,14133,0,3770,0,805,552
2010,78107,54347,23760,31326,5552,14037,0,3432,0,0,553
2010,76501,57259,19242,33605,3419,17287,690,1486,0,772,554
2010,77199,55855,21344,28329,3689,20927,645,1423,0,842,555
2010,66658,48508,18150,20548,3376,22156,246,950,0,1232,556
2010,74489,50589,23900,27303,10298,9117,535,1587,0,1749,557
2010,59823,32676,27147,4823,16819,5981,318,839,2181,1715,558
2010,61334,35593,25741,7407,12335,11831,404,716,1437,1463,559
2010,78384,50295,28089,22408,15348,8668,487,1842,0,1542,560
2010,72619,47119,25500,19687,16143,8305,619,2029,0,336,561
2010,71962,46390,25572,21238,15148,7516,0,2253,0,235,562
2010,66746,45231,21515,24687,7803,10200,0,0,0,2541,563
2010,82507,58150,24357,24538,2967,28531,0,2114,0,0,564
2010,65061,41310,23751,14996,15974,6399,0,2428,0,1513,565
2010,76655,53961,22694,25472,6253,19162,525,2230,0,319,566
2010,68602,43343,25259,22826,9298,8400,0,2819,0,0,567
2010,70045,45933,24112,22043,14426,6935,0,2529,0,0,568
2010,76416,38142,38274,20167,5169,8886,0,2502,0,1418,569
2010,64092,48226,15866,17916,3385,25032,0,1709,0,184,570
2010,77758,45821,31937,16869,16777,4901,0,3390,0,3884,571
2010,76808,54894,21914,27614,4907,18294,802,3277,0,0,572
2010,71790,51314,20476,29723,6476,11545,764,1911,0,895,573
2010,73840,50655,23185,19514,22038,7509,609,624,0,361,574
2010,76244,49210,27034,19048,3231,23126,468,2628,0,709,575
2010,61183,37640,23543,7541,16847,6264,438,862,2005,3683,576
2010,67962,47843,20119,21940,3538,17013,1181,2890,0,1281,577
2010,68834,40687,28147,6064,24128,7197,980,466,0,1852,578
2010,70598,48768,21830,20349,4697,19914,858,1911,0,1039,579
2010,73855,50320,23535,28302,5448,12726,914,2054,0,876,580
2010,80569,59721,20848,20343,4583,32483,674,868,0,770,581
2010,75680,52668,23012,18121,23860,7845,538,900,0,1404,582
2010,77690,46405,31285,8514,23505,10621,0,1306,0,2459,583
2010,71160,45076,26084,21758,10542,8995,477,1234,0,2070,587
2010,55781,35534,20247,12508,15017,4472,0,515,2068,954,588
2010,70211,48667,21544,20341,16034,7403,457,1529,2667,236,589
2010,74811,43191,31620,9301,21498,10847,708,0,0,837,590
2010,70812,44444,26368,15841,17454,7256,873,0,0,3020,591
2010,65915,41654,24261,13071,21578,5693,0,1205,0,107,592
2010,64034,36187,27847,12395,13385,4754,0,1737,0,3916,593
2010,64387,40882,23505,14456,16211,5880,0,3449,0,886,594
2010,64625,40994,23631,5734,21252,11774,767,823,0,644,595
2010,61782,38273,23509,6714,17548,10517,601,974,0,1919,596
2010,80456,56341,24115,29284,7855,15737,1044,2421,0,0,597
2010,62751,38270,24481,9484,20240,5929,0,2617,0,0,598
2010,70473,44211,26262,13364,20135,9196,0,0,0,1516,599
2010,79182,54874,24308,19641,18088,15094,427,1624,0,0,600
2010,67800,49032,18768,20876,17363,8977,693,926,0,197,601
2010,70138,47265,22873,18993,18939,5481,0,1335,0,2517,602
2010,68910,37334,31576,8157,19615,6382,0,1267,0,1913,603
2010,80798,55208,25590,19291,14750,17866,885,1199,0,1217,604
2010,78532,51141,27391,20571,19802,6811,1167,2684,0,106,605
2010,76537,54969,21568,31090,5266,13911,1383,3319,0,0,606
2010,67269,43990,23279,16953,15962,8196,338,1018,0,1523,607
2010,76846,51661,25185,24918,13131,8848,480,1636,0,2648,608
2010,79432,55864,23568,23760,4198,24560,631,1711,0,1004,609
2010,72058,48972,23086,27894,10471,8010,796,1643,0,158,610
2010,72586,42106,30480,7396,21316,6787,0,3418,0,3189,611
2010,62668,37950,24718,10961,17657,4993,0,984,0,3355,612
2010,64859,36171,28688,10612,16263,4336,0,1566,0,3394,613
2010,85313,46951,38362,6888,29422,5392,645,766,0,3838,614
2010,66739,39598,27141,15251,17377,5513,478,315,0,664,615
2010,66988,51487,15501,18632,1158,30896,0,801,0,0,616
2010,78487,52716,25771,23356,5772,20665,0,1406,0,1517,617
2010,75407,44140,31267,10917,21404,6797,0,2516,0,2506,618
2010,66315,48699,17616,25114,3239,17631,599,1908,0,208,619
2010,71647,49018,22629,25321,5613,14954,0,2684,0,446,620
2010,65723,47395,18328,23257,10550,11849,590,914,0,235,621
2010,73805,55955,17850,27155,3051,24107,0,1139,0,503,622
2010,69511,49588,19923,30172,4910,11118,628,1612,0,1148,623
2010,56099,39906,16193,15745,16276,6611,0,1274,0,0,624
2010,55050,39372,15678,16726,14290,6630,0,899,0,827,625
2010,66969,46835,20134,24448,8656,9252,1419,3060,0,0,626
2010,78766,57769,20997,33973,7511,11233,2385,2001,0,666,627
2010,73837,52786,21051,26551,4246,19744,0,1997,0,248,628
2010,76386,54528,21858,28754,5516,15262,567,1664,0,2765,629
2010,58931,34894,24037,11964,14448,4711,0,1138,0,2633,630
2010,59884,34707,25177,9912,16505,5277,0,2675,0,338,631
2010,58845,40160,18685,16344,15653,6430,0,1487,0,246,632
2010,72835,48974,23861,19358,16376,9525,735,1360,0,1620,633
2010,72145,50931,21214,27770,7613,11906,593,3049,0,0,634
2010,72807,54093,18714,27213,3661,20459,641,2119,0,0,635
2010,59607,39259,20348,13290,17865,5318,0,876,0,1910,636
2010,72473,41701,30772,13555,17892,6883,0,2037,0,1334,637
2010,74001,48397,25604,23458,8087,12353,1126,2984,0,389,638
2010,75945,49123,26822,25416,5800,13687,996,2924,0,300,639
2010,65544,45968,19576,21922,12472,8019,0,2050,0,1505,640
2010,50872,32976,17896,8375,12161,8503,0,774,2029,1134,641
2010,74175,48151,26024,23423,8326,13863,0,2123,0,416,642
2010,70201,51308,18893,26877,10932,11033,0,2466,0,0,643
2010,76713,50899,25814,18793,7298,6040,0,1498,0,17270,644
2010,79923,40751,39172,10412,17987,9107,0,1405,0,1840,645
2010,82314,57160,25154,18807,2991,31843,0,2357,0,1162,646
2010,50075,34444,15631,7744,11490,2592,0,1201,9029,2388,647
2010,76439,46483,29956,12122,18573,11694,1669,1100,0,1325,648
2010,75939,53300,22639,22912,9108,19224,0,1100,0,956,649
2010,80105,51254,28851,24328,10401,10842,762,2142,0,2779,650
2015,49821,31523,18298,3742,15416,1397,711,4971,3663,1623,1
2015,45525,30148,15377,12513,8514,1391,727,3467,3536,0,2
2015,72430,46191,26239,23369,8468,4076,2025,8253,0,0,7
2015,60215,39497,20718,20558,8835,1330,826,7751,0,197,8
2015,71511,50517,20994,26771,13481,4235,1983,4047,0,0,9
2015,62016,41314,20702,13197,16540,1733,976,7260,1608,0,10
2015,69510,45717,23793,20106,15901,1360,1087,7263,0,0,11
2015,40492,26837,13655,3521,8122,718,0,2277,11790,409,16
2015,77242,56477,20765,34331,6324,4062,3606,8154,0,0,18
2015,77091,47409,29682,10628,19448,7030,0,10150,0,153,19
2015,85177,57372,27805,30094,10580,3433,2467,10798,0,0,20
2015,68343,38918,29425,8610,19366,943,1531,8468,0,0,21
2015,80315,55419,24896,28083,8391,5885,2135,10925,0,0,22
2015,86420,58008,28412,30749,12354,3440,2686,8050,0,729,26
2015,73977,43041,30936,7019,24826,562,897,9554,0,183,28
2015,64534,36560,27974,5485,20376,770,938,7941,0,1050,29
2015,69135,38517,30618,5622,21079,1217,0,9045,0,1554,30
2015,68338,43275,25063,17525,0,1169,1061,5070,0,18450,31
2015,66347,43028,23319,22668,10186,1636,0,8538,0,0,32
2015,71155,45593,25562,19788,11493,1356,0,12097,0,859,33
2015,79665,53076,26589,25769,14706,3919,0,8290,0,392,34
2015,76796,49289,27507,15122,23965,1331,1006,7865,0,0,35
2015,63084,47167,15917,17833,6216,14000,5634,2922,0,562,36
2015,78373,50479,27894,15769,21826,2396,1232,9080,0,176,37
2015,76111,51031,25080,26730,18792,2241,1682,1586,0,0,38
2015,74726,53163,21563,33621,6074,3927,2231,7310,0,0,39
2015,67439,48803,18636,27955,9484,3378,1878,6108,0,0,40
2015,69311,46086,23225,19625,18528,1958,1412,4434,0,129,41
2015,78501,58060,20441,32544,9217,4193,2462,8966,0,678,42
2015,83551,58672,24879,34891,9247,3418,2537,8579,0,0,43
2015,79285,51304,27981,28212,10399,2646,2106,7941,0,0,44
2015,83298,51424,31874,6051,22146,17657,2023,3254,0,293,49
2015,56969,40423,16546,16603,6042,11689,1488,4513,0,88,50
2015,82727,52924,29803,8070,32387,2395,4906,3219,0,1947,52
2015,80805,52677,28128,25363,13160,2900,1802,8794,0,658,53
2015,78796,55218,23578,30245,7797,4199,2807,10170,0,0,54
2015,64828,43685,21143,20643,11451,1308,950,9182,0,151,55
2015,62410,39144,23266,5816,26468,1396,1626,3838,0,0,56
2015,65591,41293,24298,15812,18518,1184,1371,4154,0,254,57
2015,65128,34684,30444,10695,15824,965,948,6040,0,212,58
2015,76330,47046,29284,8329,28147,5459,2200,2131,0,780,59
2015,75302,41039,34263,4707,28069,2624,835,4651,0,153,60
2015,68128,35916,32212,4576,26444,1374,1501,1805,0,216,61
2015,71428,42461,28967,15164,17673,1349,1169,7106,0,0,62
2015,69943,41260,28683,8869,23697,2001,1330,5032,0,331,63
2015,75092,45294,29798,13137,21584,2517,2301,5755,0,0,64
2015,72146,41151,30995,5760,17129,10534,698,6637,0,393,65
2015,66070,39389,26681,12799,16307,1723,1545,7015,0,0,66
2015,73260,43999,29261,12002,24762,955,0,6280,0,0,67
2015,71913,37112,34801,5581,22982,874,1567,6108,0,0,68
2015,62468,39393,23075,17508,14168,948,889,5823,0,57,69
2015,57411,32436,24975,10963,13548,743,841,5613,0,728,70
2015,51335,31683,19652,3419,18380,620,738,5677,2849,0,71
2015,67901,44936,22965,7838,22090,5497,1648,7863,0,0,72
2015,61247,38461,22786,8346,17813,2265,1453,8584,0,0,73
2015,72995,47116,25879,24185,6508,4240,1942,10241,0,0,74
2015,71979,43998,27981,10764,22542,1464,0,9228,0,0,75
2015,67895,43161,24734,14164,18541,1236,1103,8117,0,0,76
2015,69687,40743,28944,8289,20555,1072,1200,9627,0,0,77
2015,72719,48592,24127,19744,18943,1947,0,7428,0,530,78
2015,70145,45152,24993,3639,33619,978,1501,4915,0,500,79
2015,67064,43339,23725,18981,7142,1015,800,14645,0,756,80
2015,79738,53582,26156,22939,9354,11951,0,9338,0,0,81
2015,72275,44827,27448,22060,7448,3752,3263,7401,0,903,82
2015,72082,41773,30309,20155,7386,3281,3107,7745,0,99,83
2015,81271,53086,28185,29606,8956,3983,2202,8339,0,0,84
2015,66121,41406,24715,4682,19312,12228,871,4103,0,210,85
2015,63674,37600,26074,9878,16328,1094,1243,9057,0,0,86
2015,63372,40290,23082,6160,19977,1173,1085,3140,0,8755,87
2015,73557,50283,23274,27071,9296,2488,1564,9461,0,403,88
2015,54441,40074,14367,16453,5904,11351,1261,3338,1767,0,89
2015,77038,47032,30006,9567,29216,3937,1912,1850,0,550,90
2015,82196,52235,29961,17517,28351,2607,1539,2024,0,197,91
2015,84602,57355,27247,24631,25096,2305,2120,3203,0,0,92
2015,71918,51897,20021,30534,6492,4577,1397,8724,0,173,93
2015,59998,39453,20545,12697,14624,1648,736,5911,2784,1053,94
2015,80491,54447,26044,25020,9589,6765,2636,10437,0,0,95
2015,68488,43270,25218,22946,11770,764,915,6694,0,181,96
2015,67858,45306,22552,18428,17738,1365,3187,4446,0,142,97
2015,76557,54676,21881,12448,14904,1525,22871,2724,0,204,98
2015,71193,46213,24980,14168,18148,2689,3827,7152,0,229,99
2015,74743,51805,22938,22767,17823,3214,2952,4889,0,160,100
2015,81496,50842,30654,12377,19505,4416,5861,8381,0,302,101
2015,91236,64218,27018,9752,22900,12103,17227,1940,0,296,102
2015,73552,53089,20463,26808,9970,5178,2252,8881,0,0,103
2015,65477,44066,21411,23343,9779,2836,1823,6285,0,0,104
2015,73337,52245,21092,28133,11604,2616,1729,8163,0,0,105
2015,72944,46024,26920,25797,8470,1467,1216,9074,0,0,106
2015,71764,53440,18324,24163,19876,2120,1544,5674,0,63,107
2015,77425,53692,23733,0,0,0,7400,11675,0,34617,108
2015,64477,39746,24731,5374,14951,11707,850,6864,0,0,109
2015,75248,48974,26274,24376,13484,1232,1224,8658,0,0,110
2015,67580,45230,22350,18970,18592,932,1141,5595,0,0,111
2015,73883,47215,26668,16350,21272,1690,1434,6299,0,170,112
2015,85982,59341,26641,31815,10514,3581,4692,8739,0,0,113
2015,63603,40283,23320,6683,17864,935,937,7791,5895,178,114
2015,77754,53541,24213,23354,18927,2666,2090,5950,0,554,116
2015,82746,51561,31185,6790,32614,2580,5187,2413,0,1977,117
2015,66944,45868,21076,18452,11448,5687,2608,6776,0,897,118
2015,83384,51774,31610,8117,18646,18047,4109,2668,0,187,119
2015,82990,51780,31210,28524,7476,2314,1816,11650,0,0,120
2015,90318,61100,29218,32070,10927,3479,2159,12275,0,190,121
2015,84132,61540,22592,31454,10860,9368,3848,6010,0,0,122
2015,84570,59506,25064,28845,9013,12008,3047,6593,0,0,123
2015,74532,47099,27433,20811,15888,1270,906,8224,0,0,124
2015,81341,53465,27876,22918,13120,6227,3746,7289,0,165,125
2015,57456,38646,18810,5674,15462,10481,2461,2499,1925,144,126
2015,67196,51151,16045,21709,19572,1953,1254,3953,2301,409,127
2015,76006,46667,29339,12513,0,2318,1746,6423,3443,20224,128
2015,66762,43792,22970,11014,17803,2069,1704,4923,6096,183,129
2015,65827,42587,23240,18873,16099,1087,1125,5277,0,126,130
2015,55750,39399,16351,8336,9541,928,1091,4363,15140,0,131
2015,57755,40350,17405,17626,11572,963,1290,4698,4201,0,132
2015,69981,47613,22368,15093,7150,16603,1492,7049,0,226,133
2015,68170,45450,22720,23112,6283,801,1076,14178,0,0,134
2015,54242,37416,16826,4123,3615,13414,2088,3829,10347,0,135
2015,77269,52261,25008,28384,11453,3605,0,8330,0,489,136
2015,66355,43073,23282,21614,10159,1360,1101,8581,0,258,137
2015,73239,53095,20144,22889,8673,16436,0,4423,0,674,138
2015,78580,53817,24763,27732,9482,6394,1892,7652,0,665,139
2015,63478,40226,23252,25322,9300,2091,1474,2039,0,0,140
2015,77287,53735,23552,24790,3902,18274,2689,3808,0,272,141
2015,72547,52730,19817,31138,6712,4761,2901,7218,0,0,142
2015,74485,51161,23324,22025,22118,2870,0,4148,0,0,143
2015,71625,45567,26058,8231,21829,6301,1352,7523,0,331,144
2015,83396,57139,26257,32953,6933,4865,3742,8540,0,106,145
2015,66680,43804,22876,20999,12613,2400,1854,5644,0,294,146
2015,74218,55407,18811,26354,4561,16278,2330,5884,0,0,147
2015,77807,53013,24794,25759,18103,2381,2501,4151,0,118,148
2015,74679,51712,22967,18792,23322,1354,1111,6995,0,138,149
2015,69303,49707,19596,28887,4745,3263,2149,10663,0,0,150
2015,60992,36185,24807,19570,9899,2521,1953,1894,0,348,151
2015,68936,44207,24729,16205,6364,812,1184,19642,0,0,152
2015,71008,45089,25919,21026,13133,1346,1013,8356,0,215,153
2015,54996,35064,19932,10649,13051,1349,915,5480,3620,0,154
2015,58644,38028,20616,16463,9733,1387,0,4988,4651,806,155
2015,74204,48593,25611,18919,7852,13344,2499,5870,0,109,157
2015,82516,56800,25716,25246,19868,3407,1919,5734,0,626,158
2015,72503,50976,21527,27164,10391,4623,1876,6922,0,0,159
2015,62087,39631,22456,14186,16750,1368,1179,6148,0,0,160
2015,79775,56174,23601,24023,0,1458,1374,7708,0,21611,161
2015,67192,48245,18947,21689,2621,15068,2063,6121,0,683,162
2015,71071,50498,20573,25516,4692,8521,2718,7698,0,1353,163
2015,78290,56667,21623,32045,5240,10568,2626,6188,0,0,164
2015,75462,42231,33231,9751,22025,2007,1245,6278,0,925,165
2015,73626,45246,28380,14048,18557,1810,1961,7101,0,1769,166
2015,70397,43699,26698,15284,18472,1779,1719,5709,0,736,167
2015,73936,48550,25386,22829,16303,1339,1100,6979,0,0,168
2015,74169,49896,24273,22445,18825,1374,0,7252,0,0,169
2015,78171,52941,25230,22753,22588,1152,1454,4810,0,184,170
2015,85941,53522,32419,12149,0,1919,2515,2899,0,34040,171
2015,82010,57712,24298,31448,14308,3448,2154,6068,0,286,172
2015,51422,30472,20950,3676,14532,830,799,4976,5126,533,174
2015,69128,43050,26078,10492,17830,717,806,12850,0,355,175
2015,65851,41141,24710,14479,17637,1966,1444,5392,0,223,176
2015,75209,52418,22791,25670,13325,1454,1324,10434,0,211,177
2015,72873,52518,20355,30550,9491,2352,1829,8296,0,0,178
2015,53639,37457,16182,12257,15187,1380,680,6150,1803,0,179
2015,66141,38681,27460,9150,19661,957,1466,7225,0,222,180
2015,69794,44745,25049,16402,16361,3832,1618,6532,0,0,181
2015,70240,40820,29420,11179,20007,1717,1208,6341,0,368,182
2015,63476,47361,16115,24805,10761,3965,2173,5508,0,149,183
2015,67477,47729,19748,24908,12134,2292,1898,6497,0,0,184
2015,71445,47948,23497,17605,19488,2004,1059,7631,0,161,185
2015,73923,50762,23161,25066,13595,1887,1216,8998,0,0,186
2015,69205,49006,20199,28295,6360,3954,2853,7544,0,0,187
2015,72737,54448,18289,28436,6985,6643,4866,7171,0,347,188
2015,76519,54717,21802,25401,5591,3715,0,6870,0,13140,189
2015,74737,52320,22417,22341,3699,15405,3018,7719,0,138,190
2015,71035,50372,20663,28500,8391,3767,2408,7306,0,0,191
2015,78621,56584,22037,28774,6015,7483,3941,10371,0,0,192
2015,79770,53630,26140,20955,22406,1924,1366,6649,0,330,193
2015,71299,42486,28813,10736,19621,1487,0,9963,0,679,194
2015,71136,40420,30716,8386,19840,1717,0,9747,0,730,195
2015,70989,39501,31488,7235,20708,1005,757,8928,0,868,196
2015,64299,46499,17800,23639,2767,13109,1321,5663,0,0,197
2015,73759,53385,20374,30227,4785,6226,3038,9109,0,0,198
2015,71534,48597,22937,23756,11762,2901,2275,7304,0,599,199
2015,78000,56458,21542,28329,5633,12199,3242,7055,0,0,200
2015,72930,50224,22706,21737,15443,1572,1295,10177,0,0,201
2015,60717,37992,22725,11704,15885,478,517,9113,0,295,204
2015,60363,38210,22153,16723,12453,828,970,7236,0,0,205
2015,76575,51362,25213,11650,27772,5055,4844,1606,0,435,206
2015,68725,45669,23056,10157,21596,5153,2687,5232,0,844,214
2015,65359,40146,25213,8403,22047,2046,1246,6404,0,0,215
2015,69816,42818,26998,10018,20074,3894,1567,7265,0,0,216
2015,44394,28913,15481,6550,3904,1153,981,3126,11811,1388,217
2015,71422,50894,20528,21728,22002,3106,1841,1926,0,291,218
2015,73881,48510,25371,14419,26745,1575,1635,3922,0,214,219
2015,65606,43321,22285,9387,28147,1550,2007,1769,0,461,220
2015,61659,34624,27035,4478,21132,834,733,6491,0,956,221
2015,87382,52290,35092,6311,40563,856,1299,2622,0,639,222
2015,78262,52907,25355,20934,4143,20201,1351,6139,0,139,225
2015,79609,55505,24104,23464,7181,14317,1513,8783,0,247,226
2015,68569,47352,21217,24167,11193,4289,1624,5778,0,301,227
2015,66016,41338,24678,9969,0,897,1358,3366,0,25748,233
2015,69223,46727,22496,16041,22316,1563,990,5594,0,223,234
2015,79143,57797,21346,27978,19488,2640,1261,6430,0,0,235
2015,63998,43157,20841,15700,18393,1308,1275,6481,0,0,236
2015,68118,46137,21981,19086,20172,1059,1303,4133,0,384,237
2015,64937,45812,19125,22624,17871,1518,1690,2109,0,0,238
2015,73447,49348,24099,27027,7962,3448,1782,9049,0,80,239
2015,78633,57143,21490,33309,8866,5002,2116,7117,0,733,240
2015,71943,48322,23621,20636,17052,1658,1184,7792,0,0,241
2015,70397,42617,27780,11684,21209,972,941,7368,0,443,242
2015,79894,56976,22918,35845,7229,5372,2355,5551,0,624,243
2015,76968,54018,22950,17879,25062,2321,3491,5075,0,190,244
2015,77114,54700,22414,30689,7800,4814,2129,8427,0,841,246
2015,69523,45803,23720,24895,7403,3039,1768,8243,0,455,247
2015,82340,49405,32935,14382,0,1579,1390,6209,0,25845,248
2015,71310,49101,22209,22920,13082,3581,2257,7261,0,0,251
2015,72530,50759,21771,25835,20173,1662,1357,1732,0,0,252
2015,83651,55010,28641,26323,7939,4882,2956,12526,0,384,253
2015,69865,49520,20345,23191,12204,2630,2703,8792,0,0,254
2015,65679,43557,22122,21406,8182,1623,1381,5569,0,5396,256
2015,74686,49261,25425,25949,10500,3290,1290,7727,0,505,257
2015,73719,48983,24736,6693,33839,2279,1690,4482,0,0,258
2015,64524,37949,26575,5502,21549,2585,1548,6765,0,0,259
2015,70000,47998,22002,17321,20307,1906,1534,6930,0,0,260
2015,70984,47078,23906,22590,12060,1707,1133,9199,0,389,261
2015,82968,52575,30393,23837,16586,2828,1485,7497,0,342,270
2015,73268,47665,25603,26364,6926,3298,1707,9266,0,104,272
2015,61820,42758,19062,15862,15835,1552,1161,4773,3051,524,273
2015,81150,53755,27395,28399,9070,3263,1872,9410,0,1741,274
2015,72043,50139,21904,23484,15114,1111,1124,9306,0,0,275
2015,59200,33731,25469,8874,13414,1680,783,8417,0,563,276
2015,69793,44469,25324,19089,12935,1030,978,10270,0,167,277
2015,73315,46716,26599,12438,24384,2645,2991,3888,0,370,278
2015,75733,53986,21747,30802,6534,8354,2558,4774,0,964,279
2015,88153,49887,38266,7349,31357,2492,7281,1085,0,323,280
2015,84971,47580,37391,6420,0,2186,5519,1818,0,31637,281
2015,66048,43818,22230,18933,15851,905,849,7280,0,0,282
2015,70462,43753,26709,17078,17506,1629,1142,5621,0,777,283
2015,71195,48757,22438,26414,10219,3055,1809,6781,0,479,284
2015,72818,45023,27795,8007,28292,1097,1017,6333,0,277,285
2015,72254,47960,24294,17463,23981,2224,2105,2105,0,82,286
2015,71074,51649,19425,31334,5220,5732,3176,6187,0,0,287
2015,76918,54000,22918,35573,5290,5657,2364,4732,0,384,288
2015,79223,55195,24028,32052,7342,5151,2541,8109,0,0,289
2015,80195,53964,26231,22839,23977,3039,2387,1532,0,190,290
2015,77760,52471,25289,27675,8043,7037,2177,7539,0,0,291
2015,67994,44251,23743,21623,13273,904,954,7208,0,289,292
2015,76408,53376,23032,28153,5409,11782,2351,5681,0,0,293
2015,70981,49000,21981,24668,19911,1037,846,2333,0,205,294
2015,69644,46603,23041,19677,0,1567,1310,2047,0,22002,295
2015,69947,39490,30457,8256,14076,761,1341,11052,0,4004,296
2015,69290,48432,20858,24722,9548,3576,2122,8464,0,0,297
2015,75095,50927,24168,22686,0,1614,1951,6786,0,17890,298
2015,70573,44828,25745,23159,7149,2929,2352,9239,0,0,299
2015,74874,45056,29818,11143,26843,888,794,5388,0,0,300
2015,63098,43219,19879,17882,7584,11330,1140,5283,0,0,301
2015,74616,49633,24983,26245,11825,2402,1660,7249,0,252,302
2015,72714,42406,30308,9694,21772,1357,0,8565,0,1018,303
2015,75285,49630,25655,24328,20604,1088,1015,2595,0,0,304
2015,77946,55236,22710,32292,6917,6205,3815,6007,0,0,305
2015,71485,47257,24228,24844,6042,5002,3415,7954,0,0,306
2015,67926,48023,19903,26716,5478,5768,3341,6720,0,0,307
2015,80610,56277,24333,31593,10084,4385,2681,7534,0,0,308
2015,74000,52287,21713,28949,9869,3952,2789,6728,0,0,309
2015,79668,57267,22401,32608,9345,5872,2583,6603,0,256,310
2015,73767,50091,23676,29696,11235,2777,0,6383,0,0,311
2015,59708,43345,16363,22834,10803,2961,2445,4302,0,0,312
2015,79989,48538,31451,9268,20926,1607,1110,15627,0,0,313
2015,73336,50789,22547,22836,17942,2389,1811,5811,0,0,314
2015,80333,55375,24958,31488,11433,4484,3053,4917,0,0,315
2015,86764,54917,31847,12014,29062,3555,7013,2740,0,533,316
2015,79331,55236,24095,27051,11103,1501,1411,13977,0,193,317
2015,79247,57785,21462,5347,29417,18359,3146,1271,0,245,318
2015,79085,56925,22160,32627,6499,6647,2198,7969,0,985,319
2015,68324,38489,29835,7105,21218,791,1095,8280,0,0,320
2015,73505,52214,21291,20846,22082,1861,3569,3265,0,591,321
2015,65269,40478,24791,10841,0,2365,2798,5948,0,18526,322
2015,65710,35144,30566,5593,18180,2294,806,7861,0,410,323
2015,64148,35336,28812,5306,18661,3175,2066,5762,0,366,324
2015,59100,31803,27297,5561,15646,3169,943,6313,0,171,325
2015,82593,55927,26666,29652,10249,4375,2178,9473,0,0,326
2015,68341,42887,25454,13676,18076,859,1122,9154,0,0,327
2015,75294,48932,26362,20874,21463,1130,1023,4355,0,87,328
2015,91987,51912,40075,13455,0,1014,1506,2705,0,33232,329
2015,74499,48694,25805,21794,18061,1400,1736,5703,0,0,332
2015,108804,70300,38504,28591,8984,5235,9404,14888,0,3198,333
2015,73326,49234,24092,8465,29659,3984,5043,1971,0,112,334
2015,68127,44270,23857,9839,22547,4829,3371,3375,0,309,335
2015,55697,35401,20296,5366,0,950,659,6932,3794,17700,336
2015,64002,38564,25438,6584,21464,1238,1310,7583,0,385,337
2015,68865,49123,19742,21766,18713,1321,1661,5662,0,0,338
2015,63957,48791,15166,28474,7472,4913,1956,5467,0,509,339
2015,61133,34828,26305,18199,10838,1962,1765,1557,0,507,340
2015,70155,47218,22937,24467,11877,1490,1633,7600,0,151,341
2015,81238,59253,21985,23249,8574,20415,2322,4321,0,372,343
2015,68193,48125,20068,23252,14246,1827,1370,7133,0,297,344
2015,79108,50728,28380,3367,39628,1490,1270,4973,0,0,346
2015,70906,49676,21230,16114,24474,1298,1582,6058,0,150,349
2015,61922,41738,20184,16378,17643,1390,2093,4060,0,174,350
2015,81799,45048,36751,7791,24758,1529,3558,7082,0,330,351
2015,64754,38196,26558,7997,20530,1296,1117,7256,0,0,352
2015,69097,48291,20806,15887,23137,2569,2541,3706,0,451,353
2015,61974,43357,18617,8083,13041,15948,3042,2997,0,246,354
2015,64950,38423,26527,7729,18456,1495,3217,7104,0,422,355
2015,75430,48068,27362,11034,29386,1233,1468,4290,0,657,356
2015,73518,45942,27576,9628,0,2127,2533,3832,0,27822,357
2015,63204,34522,28682,8848,16051,1507,1878,5950,0,288,358
2015,72193,51548,20645,25505,0,2033,1174,8704,0,14132,359
2015,76851,53926,22925,28700,11876,3987,0,9363,0,0,360
2015,75905,45123,30782,10216,24312,1150,0,8903,0,542,361
2015,69481,50540,18941,19206,5000,18123,2784,5427,0,0,362
2015,73428,47426,26002,7056,28572,2497,5932,2013,0,1356,363
2015,66913,42923,23990,9574,23907,2455,2429,3886,0,672,364
2015,72290,48125,24165,11633,24347,3709,4077,3764,0,595,365
2015,64580,40703,23877,8939,23856,2304,2974,2341,0,289,366
2015,74234,51467,22767,28389,10200,2700,1976,8082,0,120,367
2015,74121,46852,27269,19976,18533,1992,0,5721,0,630,368
2015,70829,44263,26566,4245,0,1719,5372,2510,0,30417,370
2015,61908,38403,23505,1802,31222,899,956,3445,0,79,371
2015,61549,40974,20575,4098,0,2454,2140,3375,0,28907,372
2015,63651,41031,22620,2710,0,959,996,3475,0,32891,373
2015,59314,38574,20740,5534,15948,751,689,6269,8853,530,375
2015,75217,52020,23197,25762,16579,2130,1845,5704,0,0,377
2015,74870,50336,24534,25755,9077,2255,1549,10778,0,922,378
2015,66374,48063,18311,26093,5902,6469,2435,7164,0,0,379
2015,67329,42571,24758,12739,22243,1299,972,5318,0,0,380
2015,67741,42216,25525,12949,0,3183,1237,5129,0,19718,381
2015,71712,49598,22114,26063,11252,3842,2404,6037,0,0,382
2015,74187,53855,20332,35453,6394,5337,1915,4539,0,217,383
2015,73181,50010,23171,22745,5268,12036,1396,7930,0,635,384
2015,74320,44788,29532,8752,23208,1639,1136,10053,0,0,385
2015,69066,48045,21021,29112,5690,2157,1504,7042,0,2540,386
2015,86078,45331,40747,6133,0,1867,3838,5033,0,28460,387
2015,72992,42019,30973,4063,28187,1782,4108,3434,0,445,388
2015,74102,49966,24136,4872,26843,11970,4048,2172,0,61,389
2015,77534,47193,30341,13288,18603,1642,1486,11850,0,324,390
2015,72738,51717,21021,31578,5656,4987,1831,7665,0,0,391
2015,81928,52603,29325,28791,9996,2638,2170,8908,0,100,392
2015,61716,32715,29001,3292,17619,1351,603,6106,3099,645,393
2015,61873,32706,29167,5388,18584,1220,1407,6107,0,0,394
2015,71154,45677,25477,16925,19193,1564,1060,6935,0,0,395
2015,86826,57692,29134,27244,17491,3575,2255,6852,0,275,397
2015,89656,58949,30707,27601,0,2309,1936,7803,0,19300,398
2015,68474,45142,23332,10458,27380,1378,1422,4287,0,217,399
2015,74038,55140,18898,33434,4565,7981,2979,6181,0,0,400
2015,62248,47462,14786,23701,12719,2496,1629,4942,1875,100,401
2015,48690,33757,14933,15204,1900,9879,1260,3769,1745,0,402
2015,66985,43242,23743,19691,15101,1612,1395,5358,0,85,404
2015,75820,48250,27570,18776,0,1426,1264,7951,0,18833,405
2015,56097,37135,18962,5691,16270,1173,1185,6094,6722,0,408
2015,72697,49447,23250,27819,6018,4626,2327,8657,0,0,409
2015,68446,47410,21036,28420,5133,3293,2748,7816,0,0,410
2015,73747,52302,21445,29834,11360,2385,1792,6294,0,637,411
2015,79512,57300,22212,34973,4837,8605,2324,6195,0,366,412
2015,67619,42997,24622,15870,16520,1826,1246,7252,0,283,413
2015,58147,35085,23062,6628,19301,2218,1724,5214,0,0,414
2015,64243,39222,25021,6884,19378,4332,3426,4910,0,292,415
2015,67902,44891,23011,10536,20689,4366,1515,7447,0,338,416
2015,56015,35108,20907,9585,14290,2251,887,6466,1231,398,417
2015,62137,40347,21790,13123,16633,1581,1272,6134,1604,0,418
2015,69928,48253,21675,22794,4736,11560,2216,6726,0,221,420
2015,77154,52212,24942,27206,9585,3300,2191,9930,0,0,421
2015,68867,49414,19453,15256,5043,19299,1488,8328,0,0,422
2015,74402,47371,27031,24727,10779,1673,1780,8412,0,0,423
2015,80721,57123,23598,30995,10502,4689,3090,7847,0,0,424
2015,76970,50110,26860,25515,8649,2217,2075,11654,0,0,425
2015,82592,45897,36695,9569,25213,1330,0,9785,0,0,426
2015,59144,39411,19733,16699,13454,1401,1503,6354,0,0,427
2015,61287,38884,22403,16163,12370,1673,1403,7114,0,161,428
2015,85781,60862,24919,36607,10191,3613,2247,8204,0,0,429
2015,64515,43592,20923,19052,14589,1894,1939,5986,0,132,430
2015,74875,48463,26412,11379,19033,6607,6749,4539,0,156,431
2015,60464,35209,25255,7314,0,1475,3473,3501,0,19446,432
2015,65918,35343,30575,7423,19283,847,1088,6542,0,160,433
2015,68987,43465,25522,13761,20697,1532,2345,4900,0,230,434
2015,68037,45749,22288,20827,15945,816,1281,6582,0,298,435
2015,55572,35250,20322,5620,18663,1072,754,5420,3556,165,437
2015,66035,46748,19287,24682,8879,1644,1336,8528,0,1679,438
2015,71475,44483,26992,11527,17529,5718,1152,8557,0,0,439
2015,71652,43137,28515,8187,23630,1589,839,8892,0,0,440
2015,68129,49032,19097,28152,7645,3330,1732,8173,0,0,442
2015,78978,50689,28289,10076,25356,5453,5890,3451,0,463,443
2015,76174,57247,18927,26153,7274,16571,2497,3963,0,789,444
2015,64573,44448,20125,20978,15525,1487,1043,5415,0,0,447
2015,70817,46854,23963,12968,19691,2957,0,10738,0,500,448
2015,65209,43921,21288,26202,6308,3745,2313,5353,0,0,449
2015,72530,47075,25455,18684,16759,1774,1218,7485,0,1155,451
2015,68246,42606,25640,16020,14994,1265,1023,9152,0,152,452
2015,73274,47963,25311,18120,0,2008,3401,6731,0,17703,453
2015,58940,37882,21058,6569,15554,4904,992,5085,4348,430,454
2015,72557,47393,25164,23745,6102,5572,2198,7956,0,1820,455
2015,82081,51044,31037,12962,29886,2149,2463,3128,0,456,456
2015,73105,45390,27715,21343,10806,2828,1450,8660,0,303,457
2015,71639,41903,29736,14585,8184,9344,3145,5595,0,1050,458
2015,57291,40556,16735,16383,11414,780,1452,4257,2518,3752,459
2015,59981,33469,26512,6688,0,1244,1643,5139,0,18755,460
2015,70533,50927,19606,23637,19136,1926,1539,4689,0,0,461
2015,63923,42813,21110,23018,12838,2717,2067,1989,0,184,462
2015,77174,53220,23954,29088,6705,1622,1529,11858,0,2418,463
2015,73232,50494,22738,23217,16697,3719,3214,3647,0,0,464
2015,72567,48404,24163,23082,16432,2355,1406,4826,0,303,465
2015,64826,40919,23907,6630,0,7558,880,7516,0,18335,466
2015,65531,44098,21433,20771,13717,1349,960,7133,0,168,467
2015,73429,51349,22080,29151,6578,5369,3434,6817,0,0,468
2015,51811,31538,20273,2116,15976,474,453,3998,8521,0,470
2015,77379,52243,25136,25404,11798,2756,2193,8250,0,1842,471
2015,79062,53999,25063,27744,7124,3465,2313,8194,0,5159,472
2015,77303,59101,18202,34404,7296,11389,3548,2464,0,0,473
2015,77248,45430,31818,7742,20961,4667,1382,8519,0,2159,474
2015,77119,52516,24603,23142,10396,1251,1516,16009,0,202,475
2015,71935,43608,28327,20241,10765,1459,2195,8948,0,0,476
2015,72594,49178,23416,25067,10268,1413,1222,11208,0,0,477
2015,66519,48398,18121,26285,5749,8573,2280,5511,0,0,478
2015,73779,49024,24755,22847,17193,806,1046,6862,0,270,480
2015,74275,47019,27256,10945,20501,1992,0,13204,0,377,481
2015,63698,37823,25875,4656,19860,1093,0,11414,0,800,482
2015,71655,49006,22649,24040,13695,2776,1415,6855,0,225,483
2015,73216,51222,21994,30521,10297,2537,1801,5598,0,468,484
2015,73771,50052,23719,29901,7767,3362,2071,6951,0,0,485
2015,73278,55164,18114,28354,14525,2783,3559,5943,0,0,486
2015,79693,54603,25090,30383,8383,4407,2325,8678,0,427,488
2015,80615,57563,23052,32926,6791,6079,2174,7935,0,1658,489
2015,75825,54433,21392,25392,12660,10076,2034,4271,0,0,490
2015,76607,50361,26246,20250,5150,12077,2318,8503,0,2063,491
2015,75262,46256,29006,9087,26378,2046,1762,6983,0,0,492
2015,77720,48397,29323,7707,28950,2737,2237,6766,0,0,493
2015,65570,48312,17258,18491,4510,16022,3051,5720,0,518,494
2015,74291,43261,31030,8823,21364,1614,2251,7806,0,1403,495
2015,69582,50705,18877,28192,7771,5099,2762,6152,0,729,496
2015,73511,47739,25772,20613,14413,2159,2185,8162,0,207,497
2015,64025,36941,27084,12259,15393,770,887,6329,0,1303,498
2015,62844,38716,24128,11432,18275,1370,1213,6426,0,0,499
2015,67744,49021,18723,14513,26359,2086,1184,4879,0,0,500
2015,76082,52804,23278,27725,14168,1920,1465,7389,0,137,501
2015,71958,50124,21834,28531,6448,3937,2238,8970,0,0,502
2015,70874,40053,30821,4407,22663,1802,1712,8856,0,613,503
2015,72321,44173,28148,4917,24308,4278,6999,3296,0,375,504
2015,72351,55481,16870,7544,19862,22215,1772,3575,0,513,505
2015,67950,42048,25902,6792,20269,4746,2566,7315,0,360,506
2015,70422,41685,28737,7242,21439,2226,1117,9128,0,533,507
2015,73349,50698,22651,22833,18186,1094,1108,7399,0,78,508
2015,70464,50542,19922,25269,15645,1949,2657,4479,0,543,509
2015,76400,54102,22298,24628,15063,4268,2247,7813,0,83,510
2015,78858,52573,26285,27041,10547,3148,2575,9262,0,0,511
2015,76018,49378,26640,24425,9673,1563,1185,12257,0,275,512
2015,76645,54559,22086,30248,9487,4057,3116,7651,0,0,513
2015,87972,61944,26028,34805,10690,3500,0,9716,0,3233,514
2015,86366,48275,38091,16085,23421,1275,1220,6274,0,0,515
2015,77956,54779,23177,26956,5693,14054,1632,6361,0,83,516
2015,80161,58942,21219,31540,8441,7486,3806,7669,0,0,517
2015,69380,51110,18270,25439,12690,4029,2802,6150,0,0,518
2015,83281,60309,22972,31960,4419,11692,5434,6439,0,365,519
2015,76460,49207,27253,29303,6122,1466,1580,10736,0,0,520
2015,76489,52370,24119,24313,18368,2312,0,7377,0,0,521
2015,62730,36265,26465,6021,18589,639,1614,7975,0,1427,522
2015,72281,44710,27571,18656,0,1595,1876,6010,0,16573,523
2015,70270,43652,26618,14207,18017,2121,2568,5566,0,1173,524
2015,66876,44509,22367,22175,8154,4129,2083,7803,0,165,525
2015,67326,44101,23225,12330,8468,13652,1230,7429,0,992,526
2015,71592,49079,22513,24386,9114,3163,1724,10234,0,458,527
2015,68705,48767,19938,23606,14429,1348,1390,6293,0,1701,528
2015,63104,42587,20517,21770,11596,1759,1226,6236,0,0,529
2015,72771,49598,23173,29478,9107,1448,1298,8267,0,0,530
2015,71357,41034,30323,11761,0,1256,1850,7720,0,18447,531
2015,70597,47799,22798,21291,0,1582,1369,6864,0,16693,532
2015,63931,39649,24282,9710,19771,3034,1753,5206,0,175,534
2015,66126,39571,26555,11069,19436,884,0,7581,0,601,535
2015,75111,51797,23314,24221,0,1366,952,5480,0,19778,536
2015,60634,31084,29550,7008,12220,1296,1123,7041,0,2396,537
2015,71438,38654,32784,10593,15429,1137,1091,9542,0,862,538
2015,68091,39107,28984,12780,15319,1309,1029,8298,0,372,539
2015,67339,47031,20308,25733,9483,2473,1191,7620,0,531,540
2015,69077,46029,23048,21195,14501,1538,1021,7774,0,0,541
2015,71304,51459,19845,29674,6677,6182,2128,6798,0,0,543
2015,79137,49933,29204,12540,26474,4491,4421,1602,0,405,544
2015,69026,46386,22640,12916,24601,1362,2187,5068,0,252,545
2015,80544,60819,19725,27813,0,2086,2779,4848,0,23293,546
2015,76666,54089,22577,30317,10173,3314,2664,7459,0,162,547
2015,77816,55594,22222,28855,10013,4777,3294,8655,0,0,548
2015,73836,51907,21929,27546,10001,4044,2253,7897,0,166,549
2015,76198,49232,26966,25684,8604,2465,1779,10700,0,0,550
2015,72950,41762,31188,9780,20959,1105,1706,7997,0,215,551
2015,79654,56103,23551,32211,6627,5189,2159,9553,0,364,552
2015,79515,54431,25084,32582,6100,4937,2400,7778,0,634,553
2015,77548,57119,20429,34199,5415,3586,3105,5643,0,5171,554
2015,81034,57492,23542,32268,7982,6604,2453,6898,0,1287,555
2015,69228,49905,19323,20732,5546,16811,1051,5341,0,424,556
2015,74956,50854,24102,27782,11365,2627,1426,7489,0,165,557
2015,58011,33618,24393,5142,17807,1392,0,5779,3498,0,558
2015,58776,35156,23620,7931,0,3178,1784,4744,2266,15253,559
2015,80983,52242,28741,26295,14509,1704,1723,8011,0,0,560
2015,73926,49263,24663,22777,16992,1817,1757,5920,0,0,561
2015,71913,47174,24739,23606,12304,1427,1110,8727,0,0,562
2015,65004,45298,19706,26552,8311,3850,1714,4871,0,0,563
2015,83221,57887,25334,27849,5347,12358,2630,6921,0,2782,564
2015,66166,40645,25521,16094,15364,927,930,7330,0,0,565
2015,78910,55344,23566,30176,8204,7629,2207,7128,0,0,566
2015,71478,47053,24425,23045,8411,1645,1719,12097,0,136,567
2015,70970,49401,21569,18838,11740,932,1076,16026,0,789,568
2015,77451,52365,25086,27545,8089,4703,2404,7805,0,1819,569
2015,66066,48570,17496,19924,3775,18429,1316,5126,0,0,570
2015,77559,49564,27995,16692,16156,644,0,15718,0,354,571
2015,76270,53763,22507,29030,6835,5626,3415,8857,0,0,572
2015,74877,53670,21207,31887,7604,3660,2366,8153,0,0,573
2015,76782,53529,23253,22421,25263,2107,2201,1537,0,0,574
2015,76350,48079,28271,19551,4166,16265,1557,6540,0,0,575
2015,61896,37937,23959,8769,16938,1271,746,7203,2169,841,576
2015,68630,47097,21533,24941,5988,4667,4845,6656,0,0,577
2015,70803,42558,28245,5090,28654,1756,3931,1512,0,1615,578
2015,73601,51544,22057,22681,7814,8681,4483,5967,0,1918,579
2015,73429,51428,22001,30181,7307,4342,2659,6481,0,458,580
2015,80250,62004,18246,25580,7129,23563,2463,3069,0,200,581
2015,77524,53495,24029,17551,25791,1595,2017,6541,0,0,582
2015,79300,46818,32482,8997,26191,2075,1442,7618,0,495,583
2015,70631,44811,25820,22511,11816,2215,1414,6346,0,509,587
2015,56505,35261,21244,13760,13523,915,0,4577,2486,0,588
2015,72794,51293,21501,23607,16727,1309,1054,5489,2869,238,589
2015,82231,47941,34290,13070,25778,3312,3658,1385,0,738,590
2015,70521,42973,27548,14688,17301,1483,1069,7862,0,570,591
2015,65495,43366,22129,9828,26176,1011,1288,5063,0,0,592
2015,67080,36883,30197,12455,14392,840,529,8122,0,545,593
2015,67743,41838,25905,13733,19740,676,1149,6540,0,0,594
2015,67015,41796,25219,5584,0,1661,2661,2507,0,29383,595
2015,60705,38528,22177,8386,19267,2407,1454,7014,0,0,596
2015,82931,58320,24611,31092,9343,7611,2986,7288,0,0,597
2015,63738,37829,25909,7310,22012,805,1465,6237,0,0,598
2015,72104,45419,26685,12797,21720,1881,1264,7757,0,0,599
2015,84767,59353,25414,25928,23178,3335,1765,4909,0,238,600
2015,71578,50581,20997,24249,17643,2512,1994,4183,0,0,601
2015,70152,47377,22775,20042,17069,978,894,8256,0,138,602
2015,68190,37257,30933,7033,20478,993,1091,7321,0,341,603
2015,83535,56149,27386,24400,14606,10152,1332,5481,0,178,604
2015,80166,52196,27970,22104,19696,1055,1761,7580,0,0,605
2015,80236,57017,23219,32508,6165,5180,3623,9541,0,0,606
2015,68407,46867,21540,20227,19421,1395,1183,4547,0,94,607
2015,74317,50430,23887,26265,9839,2240,2218,9868,0,0,608
2015,79405,56904,22501,26247,3780,18662,2331,5644,0,240,609
2015,73247,50205,23042,25281,13128,3140,1742,6556,0,358,610
2015,74283,43189,31094,6441,24571,1135,0,10733,0,309,611
2015,63637,37492,26145,9347,18817,751,628,7949,0,0,612
2015,65524,35026,30498,8365,0,550,697,8836,0,16578,613
2015,90640,52793,37847,8146,36132,1430,2651,3950,0,484,614
2015,62346,39514,22832,16527,18504,1457,1322,1489,0,215,615
2015,65857,48929,16928,16245,2661,25194,1798,3031,0,0,616
2015,80309,52552,27757,25203,9594,5486,2592,9366,0,311,617
2015,75990,45293,30697,9389,23625,1255,1273,8818,0,933,618
2015,67851,50556,17295,28938,4930,7892,2350,5813,0,633,619
2015,73018,51643,21375,27198,6948,5482,2985,9030,0,0,620
2015,65853,48422,17431,25225,12606,6129,1986,2476,0,0,621
2015,74119,55316,18803,30425,4613,13511,2645,4122,0,0,622
2015,71538,50160,21378,31797,6714,4323,1834,4992,0,500,623
2015,56956,41837,15119,15566,20165,1474,895,3737,0,0,624
2015,55377,41858,13519,18481,18898,1433,0,2772,0,274,625
2015,67090,47168,19922,27123,7467,2891,2038,7569,0,80,626
2015,79767,58482,21285,35201,10046,3953,2970,5352,0,960,627
2015,74269,51964,22305,29199,8389,6047,2109,5873,0,347,628
2015,77881,55999,21882,32329,8132,7572,2092,5516,0,358,629
2015,61065,34003,27062,10174,15669,935,701,6524,0,0,630
2015,62556,34764,27792,7761,18539,798,605,7061,0,0,631
2015,60368,40209,20159,16573,17374,845,1058,4310,0,49,632
2015,72461,49723,22738,22534,16888,1677,2024,6378,0,222,633
2015,73069,52225,20844,29763,7548,3750,1933,9231,0,0,634
2015,73394,54100,19294,30342,7244,5245,3505,7764,0,0,635
2015,58615,38463,20152,11596,16282,1708,1149,7538,0,190,636
2015,72177,42048,30129,12654,18600,1100,1242,7688,0,764,637
2015,74775,49898,24877,24686,9737,3360,2605,8267,0,1243,638
2015,75617,50763,24854,26124,7955,4477,2938,9269,0,0,639
2015,65942,45437,20505,22579,11836,1959,1443,7620,0,0,640
2015,50992,32719,18273,10350,12181,1735,669,5072,2501,211,641
2015,76371,51439,24932,26444,11588,4546,3086,5198,0,577,642
2015,70637,49893,20744,26528,12377,2712,1699,6577,0,0,643
2015,77407,49440,27967,22394,9523,1228,1117,7967,0,7211,644
2015,75994,43263,32731,11124,21693,1927,1658,6354,0,507,645
2015,82447,56933,25514,24178,4053,18865,2191,7646,0,0,646
2015,49939,34926,15013,7393,10871,751,0,5121,10642,148,647
2015,75351,47677,27674,13496,0,3804,4791,4795,0,20791,648
2015,78561,53903,24658,26477,13348,6269,2558,5251,0,0,649
2015,81023,49991,31032,25276,10343,2966,1731,8955,0,720,650
