log_median_earning,religion_christian,religion_refused,religion_none,religion_other,private_sector_employment,owns_housing,mean_social_grade,log_density,pa_id
6.076494796,56.82337109,7.115963286,34.68465063,1.376015,0.354011717,0.681718498,1.096585029,1.265692506,1
6.155070386,64.45626163,7.81529735,26.38128157,1.347159443,0.36167740600000003,0.7124850159999999,1.405878751,-0.098698293,2
6.291939441,58.14168319,6.985046477000001,26.53624834,8.337021997,0.480271634,0.664157499,1.6030090780000001,2.976245355,7
6.104346704,70.17434458,6.105957856,19.72224387,3.997453686,0.402863276,0.7825092770000001,1.4664669819999998,2.861907935,8
6.541895426,65.26902092,6.441593937,20.75762752,7.531757617,0.452849513,0.7767485,1.947074441,2.942521923,9
6.125558282,65.57057148,7.131688989,26.28810375,1.00963578,0.46988403100000004,0.741865563,1.340262106,1.6598629280000001,10
6.202737926,60.01615785,7.1708976710000005,31.71603154,1.096912941,0.439008579,0.740256013,1.28031109,1.953169999,11
6.234410726,55.62544368,8.612748254,32.48642134,3.2753867239999996,0.324963844,0.629848669,1.451351505,0.32672021,16
6.314634412999999,65.48366866,7.960562164,25.03726855,1.518500622,0.428530536,0.769702799,1.833608898,0.408480285,18
6.050912006,58.20691956,6.817512805,33.75787429,1.2176933490000001,0.41716615,0.70884104,1.157571925,2.247255365,19
6.206374294,62.72799717,7.627944041,26.38037896,3.26367983,0.45463505299999996,0.698412273,1.5114563109999999,0.8075155620000001,20
6.030925616,65.04243844,5.625303921,20.12731533,9.20494231,0.421547212,0.661981713,1.192592085,3.4831635760000004,21
6.2559419620000005,59.12318217,7.01121016,25.88889815,7.9767095260000005,0.460381155,0.715132247,1.6812939269999998,1.762021871,22
6.269853573,63.45905977,6.855030188,25.74452208,3.941387966,0.48895727200000005,0.698270933,1.5718364519999999,0.933449304,26
6.246687992000001,53.45466139999999,6.373811451,18.19593992,21.97558722,0.39464439100000004,0.46036717899999996,1.198340204,4.031224107,28
6.144185633999999,67.65289218,6.605688686000001,24.38224794,1.3591711969999998,0.395389082,0.664852027,1.174844334,2.874822993,29
6.163946183999999,68.6522768,6.291881372000001,24.27073888,0.785102948,0.388872226,0.65154607,1.12474488,2.343403747,30
6.308826774,70.20016662,6.646702542000001,22.10839169,1.0447391529999999,0.396959437,0.766447443,1.323855218,0.8038259659999999,31
6.323103695,61.01999175,7.021084438,29.32532028,2.633603532,0.448621449,0.687814895,1.49248614,2.70071014,32
6.387552492999999,61.28542824,6.291930722999999,30.05181347,2.370827571,0.459766419,0.6914424459999999,1.320321662,1.894516945,33
6.364922859,56.43912738,7.120634097999999,32.07155821,4.3686803219999994,0.540065695,0.672205396,1.667494697,2.908585762,34
6.158037747000001,70.80668157,6.812577065,20.97333539,1.40740598,0.406503492,0.717042911,1.2532543999999999,0.77035974,35
6.284880151,51.15182479999999,8.645156934,36.94167164,3.261346628,0.36212360299999996,0.583007917,1.825306355,3.433591442,36
6.194609452000001,53.60754039,5.954642767999999,20.50899452,19.92882232,0.43378564799999997,0.7217500020000001,1.274602648,2.974910149,37
6.519737085,55.05533741,8.044307416,28.43152874,8.468826435,0.591545399,0.42715889100000004,2.091425989,4.576198125,38
6.452364362000001,63.01327135,6.975761417999999,21.75133569,8.259631541000001,0.480068916,0.76826833,1.979280379,1.729769584,39
6.5552146339999995,62.04847663,7.613979842000001,25.01178012,5.3257634089999994,0.437205485,0.7966033109999999,1.9534954759999998,3.2278269969999998,40
6.261300826,56.12372113,6.568974729,23.224427600000002,14.08287654,0.40935455600000004,0.6136828879999999,1.41035067,3.393786405,41
6.4860083379999995,63.94762338,6.632974101,26.37708373,3.042318794,0.460656981,0.76771542,1.7989907490000001,0.783175772,42
6.385868707999999,62.69130418,6.732154679,27.90120332,2.675337825,0.47013347,0.769930255,1.744040953,0.637804326,43
6.2753268339999995,61.22256961,6.898883672999999,29.00491027,2.8736364439999997,0.474233601,0.732870293,1.56068129,2.086755499,44
6.4509442439999995,51.26223107,8.034966251,27.73983971,12.96296296,0.490834366,0.240229163,1.776890955,4.702751243,49
6.22475643,70.43503526,6.936263503999999,21.62233551,1.0063657259999998,0.380437165,0.64728698,1.3981065830000001,-1.164939693,50
6.431008969,24.98663752,15.34491149,21.15499677,38.51345422,0.440950898,0.229494757,1.628616419,4.9175420789999995,52
6.221782302,67.30260256,7.524962907000001,24.21201428,0.960420259,0.37205693,0.77633964,1.577826676,0.18133599399999997,53
6.152307072,64.59042759,7.994877242,25.64754237,1.767152799,0.35781900299999997,0.762420985,1.5955222230000001,0.640527886,54
6.446354539,61.45159822,7.069028322,25.19010108,6.28927238,0.43415531399999996,0.74987432,1.5038135259999998,3.6491562510000004,55
6.104346704,68.26656759,6.686707649,23.02010854,2.026616226,0.346465116,0.579297517,1.142273633,3.456906703,56
6.254021101,52.40348770000001,6.946400464,24.74215061,15.90796123,0.32521582600000004,0.5522366679999999,1.5890930490000001,3.529842805,57
6.094472297,57.53032379,6.950438749,24.87267074,10.64656671,0.373099415,0.5429165029999999,1.149910692,3.791948058,58
6.22475643,26.62116924,6.070541137999999,12.6673799,54.64090972,0.33167766600000004,0.641639737,1.358210388,4.074072082,59
6.017619505,29.366853499999998,5.941090419,11.1901905,53.50186558,0.311583075,0.589873125,0.867632912,4.0835798819999996,60
6.085865223,32.53297341,7.047745337,15.801188699999999,44.61809255,0.32978888,0.362319448,1.254528899,3.89561366,61
6.112796832000001,60.77872651,6.754944687,28.53424306,3.9320857410000003,0.34850986100000003,0.591960806,1.250131128,3.724882192,62
6.082675427000001,41.65841815,6.445046222999999,12.67345224,39.22308339,0.36629433,0.652241479,1.171543277,3.762335937,63
6.185179288,53.55203859,6.687999078,27.56781689,12.19214544,0.32079036,0.569044499,1.527078226,3.862787257,64
6.106577354,50.95654781,6.386666417000001,18.06947854,24.58730724,0.383379536,0.6269121520000001,1.130812746,3.854702734,65
6.10322951,74.53036962,6.045235991,18.57292037,0.8514740140000001,0.372292031,0.6808003640000001,1.201437815,-0.057178487,66
6.061456918999999,45.80776905,5.441694795,11.49413498,37.25640117,0.35056980600000004,0.664408925,1.085233442,3.2802624639999998,67
6.064947323999999,50.43249002,6.899073623,16.61790996,26.05052639,0.357623399,0.408440597,1.101144986,3.671859153,68
5.991214516,69.21969997,6.53547745,22.65352376,1.5912988209999999,0.339480568,0.700091681,1.250232847,3.390285446,69
5.921042083,67.00342086,6.24738513,24.76804568,1.9811483280000002,0.379870227,0.628062758,1.100374252,3.483754877,70
6.002651737000001,49.853897499999995,8.121580199,41.07485605,0.949666256,0.334327733,0.643914557,0.9811589540000001,1.8593106080000001,71
6.272877007000001,70.56218212,5.562918408,22.69457754,1.180321927,0.387085721,0.715582295,1.413471503,2.0742635480000002,72
6.148468296,64.85384672,6.239199747000001,27.93462652,0.972327013,0.38615524100000004,0.680119912,1.3068994059999999,2.435124797,73
6.119417911,64.20204606,7.731147075,26.26964534,1.797161521,0.39625083200000005,0.708256977,1.341071238,2.739052969,74
6.044056997,65.32871826,6.9046182510000005,26.78966477,0.976998719,0.405608464,0.685778323,1.1856554559999999,1.4286054990000001,75
6.067962518,62.11275292,5.874821594,18.33494249,13.677482999999999,0.39218468700000003,0.6496187720000001,1.282384683,3.277426099,76
6.062155975,56.649336100000006,5.421290063,15.59652864,22.33284519,0.395732188,0.6216859579999999,1.120321614,3.319019949,77
6.246881659,71.66615533,5.759444791,17.8908837,4.683516181,0.422687655,0.7491676859999999,1.538345764,2.577973566,78
6.120736882999999,78.21105344,6.169691922,14.5588071,1.060447541,0.349299463,0.608335982,1.1772327040000001,3.566557645,79
6.024657515,70.33259903,7.029621178999999,21.18720743,1.4505723609999999,0.40903175399999997,0.645941746,1.0584979970000001,0.266664756,80
6.1719093439999995,64.67511854,6.439632893,26.81569362,2.069554954,0.46688188799999997,0.784476657,1.521466411,1.223865263,81
6.234802806,58.87011512,7.735531365,28.69155768,4.702795834,0.429347954,0.6068519410000001,1.533468501,3.66591125,82
6.146757432,55.48561151,7.775240482,32.5711341,4.1680139039999995,0.41591129600000004,0.5725683970000001,1.4974780909999998,3.595810156,83
6.436791189,59.97672844,6.743984206,28.95974211,4.319545251,0.505605448,0.7165071890000001,1.7436176980000002,2.651761344,84
6.063087291,36.82393253,5.790722193,17.14549288,40.2398524,0.380338164,0.6501757420000001,1.054065704,3.6888703169999997,85
6.024899323,53.08090009,6.001280221,25.56502043,15.35279925,0.413077701,0.6592569070000001,1.163075186,3.1561058639999997,86
5.940171253,28.23781598,6.002910396,11.32701876,54.43225486,0.333779146,0.664127036,1.114993584,3.482741791,87
6.363545211,60.82277187,7.206663941,30.30560098,1.664963205,0.469584825,0.715235417,1.516060243,0.738379973,88
6.0894982870000005,61.61972339999999,8.828417417,27.77721578,1.774643409,0.381202084,0.714983953,1.417140557,-1.471718725,89
6.220788957999999,48.115513899999996,7.233079643,11.21523887,33.43616758,0.451695285,0.366145932,1.32515103,4.319463681,90
6.265491309,32.74648984,5.859873603,5.673858224,55.71977834,0.460344278,0.552484969,1.4712286159999999,4.124126631,91
6.469095266,44.98506487,7.120632253999999,18.50866548,29.38563739,0.509559036,0.517348671,1.8152443090000001,3.8718860210000003,92
6.475278622,68.44562540000001,7.107587379,21.23992814,3.206859085,0.444213408,0.7780094479999999,1.815460698,1.076739058,93
6.203344906,56.48967736,6.854631727999999,35.15831382,1.497377086,0.363697285,0.740440608,1.433393968,2.191440939,94
6.173994416,64.50258337,7.754814467,26.64819164,1.094410521,0.41944079100000004,0.6848544120000001,1.304819631,-0.05281807,95
6.337533445,70.96279381,7.02719535,21.05621295,0.953797892,0.433834249,0.7485408109999999,1.315411232,0.268107543,96
6.288601777999999,49.20331561,8.364367076,37.5746721,4.8576452219999995,0.38194245200000004,0.54835897,1.529320415,3.0663296289999997,97
6.309190741,37.0999971,9.12706457,48.40384968,5.369088645,0.42595063,0.557479336,1.8467913930000002,3.57318888,98
6.116774737999999,51.21529234,7.91460448,33.03519,7.834913178,0.436738981,0.647086391,1.417040501,3.6927751289999997,99
6.271555379,54.57151643,7.636222956,32.31259114,5.479669474,0.38941897200000003,0.608541983,1.5655090369999998,1.783255895,100
6.127960292000001,48.9554324,7.611418991,40.47687794,2.9562706660000004,0.44597411,0.590494749,1.371733933,3.772323833,101
6.315358002000001,35.15622494,9.113656049,42.24890129,13.48121772,0.406007688,0.408761425,1.885603787,4.269215358,102
6.311371767000001,64.70668572,7.450518972999999,26.68088415,1.161911165,0.42504317399999997,0.7709773790000001,1.538062284,0.21852618899999998,103
6.580916491,59.645955799999996,7.851477441,26.24981666,6.2527501039999995,0.437174405,0.704993807,1.7937479630000002,3.40585184,104
6.366126746,68.89157064,6.926749042000001,22.04790841,2.1337719059999998,0.41306236799999996,0.82630762,1.7750151840000001,1.4622587,105
6.4113255360000005,65.25660492,6.988561595,23.44366839,4.311165098,0.479358059,0.7638932620000001,1.4847558859999999,2.6929665380000003,106
6.338947373,56.33403881,7.301176149,31.94027651,4.424508534,0.395682906,0.7502493790000001,1.664267264,2.6696800080000003,107
6.460530237,66.13743003,7.203860718,24.52564208,2.133067172,0.464268854,0.78211425,1.916295765,0.11424970699999999,108
6.159729437,63.6338575,6.032690474,19.73144649,10.60200554,0.38386612299999995,0.6904211709999999,1.143924303,2.062501064,109
6.166257838,63.13186867,6.59976054,22.45476049,7.813610303,0.447980889,0.7089842590000001,1.294765406,1.440054709,110
6.284507226000001,66.43926712,5.804994382,18.42624229,9.329496205,0.40602596799999996,0.740882918,1.478137401,2.839005696,111
6.155919102,59.37020911,6.138468143,18.71384477,15.77747797,0.417219565,0.720739749,1.497007344,3.004816975,112
6.2160071189999995,62.83009905,7.625925861,28.31418568,1.229789405,0.437659225,0.71560623,1.5634566140000001,0.8172382970000001,113
6.152945438,51.21522189,7.45918602,40.29317084,1.032421246,0.37362131,0.7184995270000001,1.300588213,2.027299121,114
6.251325681,59.00389468,7.601907517999999,30.96220899,2.431988811,0.422741081,0.744797275,1.6003397380000002,1.212577134,116
6.3426494479999995,54.71866865,8.805679332,23.74187469,12.73377733,0.42284126,0.276478713,1.496206897,4.699291862,117
6.029001151,58.104312,8.476520436,32.14335877,1.275808793,0.374673407,0.708414123,1.301008878,1.1013944340000001,118
6.3108269560000005,44.37510894,9.070943002,38.26215792,8.291790134,0.351828704,0.477378969,1.920547706,3.456731281,119
6.131009075,65.6447996,7.236420588,25.68519969,1.4335801240000001,0.43592854600000003,0.7092053420000001,1.235683019,0.43761550200000005,120
6.243001173,62.26641399,6.941412591000001,27.85360744,2.93856598,0.469946121,0.694892408,1.58272817,0.516635589,121
6.445402308999999,58.59007167,8.059595472,30.08096023,3.269372627,0.43740706700000004,0.746307655,1.957629232,0.556914605,122
6.359054702999999,60.49974298,8.213174883999999,28.91992438,2.367157755,0.46570159,0.7127870009999999,1.791893931,0.42466386,123
6.169401506,69.14694958,6.079292442000001,23.66665983,1.107098151,0.44842901799999996,0.72289779,1.277612827,2.514091037,124
6.403739747,58.63653001,7.828513909,29.53788433,3.9970717419999997,0.317832574,0.617257225,1.718801449,1.442745149,125
6.243778476,45.86762319,6.661974869,34.91378821,12.55661373,0.34671413,0.490868308,1.674814761,3.9573894939999996,126
6.320768294,58.81244751,6.8479469779999995,29.07143019,5.268175318,0.34753148899999997,0.7611579079999999,1.855648697,3.028711074,127
6.156767099,50.9506305,7.578986552999999,30.81848216,10.6519008,0.403842793,0.583061797,1.4895959840000002,2.9366477360000003,128
6.169401506,52.48772342,7.56698562,32.12123875,7.824052204,0.383891156,0.638308059,1.513112847,2.882144672,129
6.054674061,68.30272508,6.740017911,23.65926563,1.29799137,0.440899243,0.7037473759999999,1.216421835,1.401819741,130
6.242806752999999,62.48768404,8.469160825,27.73695915,1.3061959859999999,0.352523256,0.766149981,1.381868677,-0.7870963940000001,131
6.096950055,65.17882542,7.974087771000001,25.35752153,1.489565285,0.37027763,0.70414334,1.323310295,-0.314466623,132
6.365438987999999,58.54157487,6.814796165,25.83139254,8.81223642,0.440498658,0.676575455,1.57733819,3.6210551239999997,133
6.287114788999999,64.05108452,7.135471702,27.23182329,1.5816204790000001,0.433772661,0.836619557,1.4459498769999999,2.634127324,134
6.071430329,57.92919049,8.828797977,30.72758884,2.514422697,0.32928337399999996,0.681652763,1.4881912169999998,-0.866506352,135
6.180844467999999,57.95795162,6.293536539,26.66652594,9.081985899,0.436369484,0.839969723,1.6384174569999999,1.709072894,136
6.30151947,59.39289275,6.867733679,29.76737492,3.971998643,0.458778189,0.684568616,1.3448467780000002,2.7479270889999996,137
6.397096307999999,64.04315393,6.32587368,20.851872600000004,8.779099788,0.415551367,0.8626934690000001,1.92087502,3.140544123,138
6.361475174,59.85354379,7.00599484,29.64505236,3.495409015,0.455816404,0.723559306,1.742182591,3.213622347,139
6.5832709000000005,59.91939222,8.904699282000001,20.52659962,10.64930887,0.541447612,0.415136716,2.1231633430000003,4.752426484,140
6.3327466260000005,58.07546702,7.6239427079999995,31.45794196,2.8426483069999997,0.42299499100000004,0.6428656,1.732997409,3.336906288,141
6.480504579,63.2082906,7.643979057999999,23.55265289,5.595077455,0.453914955,0.788355411,2.00550228,1.55136201,142
6.285439278999999,65.32501747,6.73369536,25.74762084,2.1936663259999998,0.42301423299999996,0.660068819,1.65296865,1.938874588,143
6.112353864,63.82764242,7.414636239,27.04293926,1.714782087,0.384223159,0.664081819,1.327007683,2.980213304,144
6.270988432,65.67248548,7.688696418999999,24.952574399999996,1.686243701,0.38936270100000003,0.68175784,1.7019938119999998,0.478558129,145
6.495416602000001,57.51057868,7.44648266,19.92195033,15.12098833,0.422642201,0.709729761,1.704848346,3.834496688,146
6.240665633,60.77478824,7.731273875,29.85073078,1.643207109,0.437418387,0.733085393,1.6450350230000002,1.7487134030000002,147
6.540597005,50.80867709,8.316290534,19.17158601,21.70344637,0.43038101700000003,0.6806761370000001,1.850266746,3.4771594269999997,148
6.16057421,75.15800784,5.615598534,17.41983736,1.806556272,0.423843721,0.770256323,1.54175092,1.811007878,149
6.234802806,67.66711326,7.7001291929999995,23.13866692,1.494090626,0.358572405,0.791083683,1.631072726,2.028395716,150
6.596872812999999,47.71818182,9.401818182000001,23.00636364,19.87363636,0.509188047,0.318286254,2.117439246,4.158259569,151
6.120297419,64.56495507,7.723848686,26.4354081,1.2757881420000001,0.299392477,0.7317465999999999,1.1595654309999999,1.7749144819999998,152
6.195832942999999,65.78269742,7.07852083,25.734830600000002,1.40395115,0.4115614,0.7520494240000001,1.260356489,0.991642239,153
6.1712829739999995,62.52635106,7.827835095,28.62108922,1.024724623,0.41145310399999996,0.667201577,1.256548049,0.13994763400000002,154
6.1942012889999996,65.23538961,7.73538961,25.52624459,1.502976191,0.340097297,0.726692598,1.409887209,-0.23059378100000003,155
6.1793953429999995,54.37344628,7.268207347000001,33.82193168,4.536414695,0.40385469700000004,0.594709306,1.540553342,3.167625311,157
6.284320711,55.5928975,7.133634307,28.55285208,8.720616112,0.416946376,0.764020413,1.564484957,1.800522545,158
6.244749255,71.26359287,6.344062636,21.39952153,0.9928229670000001,0.437030322,0.809027473,1.698697898,1.472055636,159
6.497227377000001,77.4177597,6.153960268,15.52212236,0.906157669,0.424137675,0.741856822,1.334379842,-0.413139638,160
6.224162311000001,61.41563502,6.426943024,30.70509269,1.4523292669999999,0.485998954,0.68392358,1.308534942,0.686880244,161
6.03524217,61.67629794,8.616751558999999,28.46897056,1.2379799459999998,0.419077845,0.690142329,1.316158967,-0.323576001,162
6.08495489,62.17875954,8.255766437,28.39743008,1.168043952,0.383680201,0.723964026,1.4659422519999998,0.17694627699999999,163
6.186620062,68.04912149,7.42039147,23.38174534,1.148741705,0.453950174,0.691353036,1.745066028,-0.257329661,164
6.111245585,51.68263793,6.2129561760000005,20.08487843,22.01952747,0.397422505,0.58551601,1.129524805,3.7040483510000004,165
6.228511004,57.71968435,6.474541994,24.22178603,11.58398763,0.406794414,0.6813164859999999,1.394742621,3.2645911130000003,166
6.288416026,51.85978007,6.563929644,24.87947185,16.69681844,0.35062972299999995,0.607099406,1.477515378,3.468842687,167
6.2251523120000005,54.20602831,6.38854752,26.03825624,13.36716793,0.528628369,0.607402299,1.4381327330000002,3.1656186219999998,168
6.151668299,67.82634636,6.703582515,23.85173999,1.618331143,0.440630819,0.719785681,1.39830991,2.063886959,169
6.336648724,56.04725165,7.634366418,23.82546532,12.49291661,0.4261092000000001,0.555688875,1.5824623469999999,3.799922602,170
6.283387614,54.22951398,7.7967422310000005,14.99294346,22.98080033,0.404300043,0.521817011,1.474693029,4.350584153,171
6.4861607889999995,59.44916496,7.4518996,22.13284323,10.96609221,0.44146909799999995,0.742776025,1.850219356,3.2587039910000004,172
6.195425279,54.46252465,7.000522102000001,37.44343891,1.093514329,0.34414907,0.706501096,1.113099399,1.329828166,174
6.323462502999999,62.66529533,6.482515427999999,21.28416103,9.56802821,0.40758089799999997,0.623832122,1.273015873,3.155630887,175
6.077183422999999,66.62218187,6.422219062000001,24.61249002,2.34310905,0.394340032,0.6598984210000001,1.3089064259999998,3.4155656210000003,176
6.315358002000001,61.18217054,6.585271317999999,26.81879845,5.41375969,0.470191992,0.7108394790000001,1.522819286,2.445489959,177
6.280957479,65.01331913,6.903569526,26.26957912,1.8135322319999998,0.47464039399999997,0.7529547609999999,1.666606842,0.226299392,178
6.300785795,67.42617963,7.36132341,24.33822374,0.874273225,0.41794467799999996,0.750154545,1.3722165380000002,0.744177115,179
6.07511612,66.71055084,6.0268897379999995,24.65980054,2.602758878,0.44090928700000004,0.70838254,1.299337091,3.508824966,180
6.268717424,53.83909971,7.204728726,31.102538800000005,7.8536327660000005,0.40331802200000005,0.633604236,1.462230895,3.5263068,181
6.154433375,47.02072895,6.575006182999999,24.95992525,21.44433961,0.400126166,0.582154455,1.114126427,3.554419217,182
6.298397624,68.76819239,7.237552909,23.02187536,0.972379342,0.425701895,0.756915329,1.6844375280000001,-0.146507201,183
6.299684271,65.12155707,6.913187101,26.45024834,1.515007486,0.423030811,0.825915007,1.70959596,2.2116801219999997,184
6.234214627999999,67.24020405,6.819780992999999,24.9395312,1.00048375,0.40714116100000003,0.735579852,1.4208348730000002,1.382677225,185
6.272877007000001,63.96930589,6.575345362,26.77701324,2.6783354999999998,0.469503359,0.775879656,1.5266766219999999,1.02895026,186
6.167097116,65.4728532,7.614296904,25.10306303,1.809786866,0.39606511200000005,0.596175963,1.687140115,-0.053322836,187
6.031886462,62.14942761,8.473337382,28.01880215,1.3584328540000001,0.42418843799999995,0.749416599,1.595927244,-0.46445209299999995,188
6.227919113,64.97190174,8.061220146,25.80143897,1.165439142,0.36430144600000003,0.750734708,1.6198252340000001,1.010364831,189
6.021266037999999,61.30867862,8.552638603,28.80737079,1.331311988,0.418232573,0.700683466,1.366912951,-0.165310703,190
6.191134742000001,66.26175063,7.388685617999999,25.56262314,0.786940614,0.37740941200000006,0.7988820440000001,1.6527367880000001,0.852948527,191
6.025624399,63.27341202,8.629081218,26.93269399,1.164812776,0.39249411700000003,0.7398169309999999,1.3974600869999998,-0.569027731,192
6.19236249,53.80240228,5.983899984,20.93456415,19.27913358,0.41105246100000004,0.7353249140000001,1.35382281,2.166813124,193
6.176906231,68.85131089,6.582353001,22.88750622,1.6788298940000002,0.37930349999999996,0.7193923990000001,1.255457002,1.3681112130000002,194
6.101215411,63.02906146,7.088137207999999,24.20676513,5.676036207999999,0.406671691,0.641476036,1.1728168209999998,2.850256587,195
6.151455283,66.04401047,6.870445058,25.97972324,1.105821229,0.398626858,0.66756256,1.096821096,1.347897366,196
6.27117745,63.69487456,7.56501182,27.51971087,1.2204027579999999,0.425328913,0.790488689,1.652187417,1.500059025,197
6.09964608,66.83849694,7.941062913,23.71675136,1.5036887859999999,0.417024585,0.722028482,1.597899845,0.08456143,198
6.091083612,62.21698062,7.9696518439999995,28.2046544,1.6087131380000002,0.363155157,0.6742343829999999,1.432550336,0.854644677,199
6.220987705,65.25036665,8.360569872000001,24.9717159,1.41734758,0.36706465299999996,0.699764306,1.5808929790000001,-0.08417026,200
6.256901011,63.7809875,7.734070887000001,26.29071911,2.194222495,0.365576299,0.667963317,1.3500677509999999,1.509445745,201
6.162050848,64.86985644,5.852151001,20.42158142,8.85641114,0.38418721899999997,0.660652015,1.232268289,3.561731328,204
6.057720343,66.16613098,6.30524307,22.92964042,4.598985536,0.401377389,0.70521585,1.271789626,3.4463091169999998,205
6.553363441,51.64914693,9.375621936,30.16862369,8.806607442999999,0.45832473700000004,0.431880891,1.803279514,4.310878813,206
6.155494834,66.40317881,6.5165562910000006,24.69298013,2.3872847680000002,0.30121333899999997,0.661679772,1.583573176,1.6204586840000001,214
6.111245585,70.63292013,5.655882048,22.73517259,0.9760252290000001,0.382954942,0.706340546,1.292628045,2.121004654,215
6.190725157999999,73.93263062,6.114916575,19.14371628,0.8087365259999999,0.372639028,0.729210362,1.339070918,0.27311302,216
5.971771914,63.30891829,8.512096051,26.8918941,1.287091565,0.382838929,0.692447589,1.296047051,-1.271214611,217
6.472346295,48.97126923,7.855533877,22.35490165,20.81829525,0.503248544,0.46917753100000004,1.915926686,4.198263578,218
6.264540467000001,50.2687484,6.8437956689999995,12.13785018,30.74960575,0.461698691,0.548893096,1.4648678069999999,3.952309075,219
6.2517111860000005,29.30152278,5.759194387000001,9.65244656,55.28683627,0.449990978,0.563718157,1.395256455,4.223707826,220
6.063087291,74.50736387,5.364327224,19.26325073,0.8650581740000001,0.35687940799999995,0.6737182620000001,1.078393882,1.941850104,221
6.3013361020000005,33.43922265,5.772079924,6.955993647000001,53.83270378,0.417962504,0.39770274200000005,1.237258304,4.267561207,222
6.1750353229999995,60.11586119,7.971774043,28.80151986,3.1108449069999997,0.35155101,0.643372386,1.456573904,2.9429923319999998,225
6.352455165,61.63468674,6.7490338560000005,29.01901448,2.597264921,0.47814949799999995,0.736568323,1.636126938,2.5862929219999997,226
6.267010777,72.61569722,6.6446346620000005,19.85332757,0.8863405459999999,0.44306941299999997,0.761219786,1.614394739,0.183964792,227
6.217404186,51.08291168,7.580827957,11.4841289,29.85213147,0.37196939,0.49085801,1.1813248729999999,4.038806548,233
6.254597747,72.15951584,6.267186727,20.57804931,0.995248122,0.42895807,0.746752946,1.3855180740000002,1.819631594,234
6.285998095,69.09448621,6.569768026,22.22277988,2.112965881,0.42880017600000003,0.794613001,1.699285341,1.398546705,235
6.427782119,56.6450161,7.8443387289999995,26.24917836,9.261466817,0.40514045299999996,0.601823158,1.5643348369999999,3.7273016000000005,236
6.328115339,56.80475095,7.704773272000001,18.01694274,17.47353304,0.399510146,0.596555257,1.438112899,3.319558235,237
6.444925854,53.03839596,7.9709102860000005,17.55038314,21.44031062,0.439615404,0.6666735979999999,1.818965219,3.654689142,238
6.422109954,60.06162972,7.580665517000001,22.56425897,9.793445795,0.453676271,0.741005589,1.6964656969999998,2.01911445,239
6.519737085,62.63040203,7.279480215,24.07362976,6.016487999,0.441456055,0.80065369,1.928265743,3.0025398489999997,240
6.220391342999999,55.94790005,6.86656034,35.64912281,1.5364168,0.449262161,0.732162023,1.32032638,2.7516823269999997,241
6.284134161,58.802916,6.683552578,21.24265781,13.27087362,0.41125243899999997,0.52930282,1.33613347,3.719792032,242
6.493451222000001,63.98866824,7.574674075,23.59682417,4.839833508,0.480130635,0.7573690059999999,2.052824055,2.605864393,243
6.049025658,52.85005377,8.142606464,35.54689711,3.46044265,0.378296101,0.579794671,1.53860969,3.3259902689999996,244
6.326507191,63.11023138,7.258163767999999,28.00705612,1.6245487369999998,0.431458601,0.810263174,1.7709099830000001,2.686537945,246
6.291383937000001,64.13516659,6.954441619,27.03223999,1.878151804,0.436982125,0.73080064,1.5842696630000002,0.864993021,247
6.25517406,38.93828598,5.827704722999999,13.20324399,42.0307653,0.487725507,0.531618667,1.314224394,3.7388804689999997,248
6.329186002999999,56.754918999999994,7.301594154,31.96727504,3.9762118060000002,0.46311869299999997,0.737537777,1.72497322,2.25900411,251
6.422272463,34.78790793,9.235705758,17.5087888,38.46759751,0.457866628,0.554202305,1.926019138,4.059576942,252
6.286184297,62.57821835,7.547904589,26.34420498,3.52967208,0.379850136,0.669036968,1.435787369,0.937741064,253
6.263969528,66.12160108,7.9148629989999995,24.88771804,1.075817889,0.41722632600000004,0.763181964,1.4518311940000002,0.329260846,254
6.380461463,73.74441487,6.182093415,18.24108211,1.8324096,0.375455155,0.7637302340000001,1.688939253,1.455848292,256
6.225943608,70.2537097,6.878618389,21.82208703,1.0455848840000002,0.383697315,0.749249831,1.473175411,-0.27129186899999996,257
6.198885138,76.50695518,6.0503393139999995,14.97180057,2.470904941,0.351669622,0.642679645,1.2903928,2.731025513,258
6.1007672820000005,62.78754788,5.96364252,25.29257402,5.956235583,0.378191483,0.520322309,1.246371017,3.611336609,259
6.238519919,55.48939297,7.068829499,34.156463099999996,3.285314428,0.410447761,0.7605554170000001,1.5133795159999999,3.188697022,260
6.2338223170000004,57.82758272,6.834969139,29.91905292,5.418395224,0.42936953299999997,0.713088587,1.410940114,3.1630270389999997,261
6.158037747000001,61.74168123,6.862762581,26.57102607,4.824530118999999,0.444010533,0.681012818,1.376723801,3.384894166,270
6.269664304,60.22709645,6.781869512999999,31.42121428,1.56981975,0.379920355,0.6845876259999999,1.4803402069999998,3.213601699,272
6.220391342999999,61.95273648,7.236022051,29.46067156,1.3505699119999999,0.34211391799999996,0.793589877,1.6160706440000001,0.8458548370000001,273
6.2300876689999996,69.18316713,7.017846366000001,22.44063186,1.3583546469999999,0.44368013799999995,0.6927726009999999,1.467634829,0.420276064,274
6.267769647000001,60.84447503,6.286865906,21.49233189,11.37632717,0.44422212299999997,0.6711891940000001,1.3572457219999998,2.27124076,275
6.13122649,56.93029475,7.332026336,33.78624933,1.951429575,0.395151927,0.6284961029999999,0.9809257809999999,3.36544405,276
6.122273487,61.0452625,7.208281505,30.25381128,1.492644716,0.378442093,0.64856074,1.146887126,1.674955973,277
6.385025751000001,48.15410022,7.605568775,27.95042085,16.28991015,0.442256124,0.338343889,1.6539566730000002,4.0804323060000005,278
6.441265469,59.15075677,7.653790452999999,28.36521624,4.830236542,0.436508756,0.68373373,1.953471631,1.722768544,279
6.41934325,33.87875285,10.24243182,27.72189072,28.15692462,0.448031377,0.294818433,1.616830797,4.950795686,280
6.3541961129999995,43.7725189,8.907759189,28.72270244,18.59701947,0.452606833,0.22096210800000002,1.563259212,4.773974568,281
6.12665082,63.03439114,6.443042179,23.35116069,7.171405994,0.40169877200000004,0.706118551,1.3792739219999999,3.3779797339999997,282
6.106800146,53.45362613,6.75358152,25.09691171,14.69588063,0.412973651,0.676664871,1.2868999140000001,2.861350972,283
6.340359304,67.58097132,7.241383206,23.40853376,1.7691117159999998,0.39170750200000004,0.845705697,1.77444668,0.661628175,284
6.144185633999999,76.44507606,5.410811095,17.28933102,0.8547818309999999,0.419462475,0.672956375,1.195611593,2.727882549,285
6.50847103,51.06904834,8.491491593,24.72005142,15.71940864,0.49880572,0.314330226,1.827083055,4.636894658,286
6.429074109,64.59667093,7.588001931,26.229508199999998,1.585818938,0.450140085,0.733030072,1.784360103,0.72037357,287
6.534370064,65.35399473,7.0726097679999995,25.35670056,2.216694939,0.487391452,0.791499862,2.053147556,0.872736792,288
6.374172668,65.19616581,7.184164142,26.08777454,1.53189551,0.484161395,0.706634395,1.703176486,0.53832616,289
6.554360663,38.4601774,16.4036957,23.43429059,21.70183631,0.5109513370000001,0.399008231,2.007150704,4.624139014,290
6.246881659,55.62277721,6.479108302999999,24.15111959,13.74699489,0.415721202,0.817262438,1.675097065,1.591915306,291
6.2106000770000005,56.62359081,6.697915649,32.77562579,3.902867745,0.46070239799999996,0.613552156,1.371442321,2.44798179,292
6.212606096,66.83048138,7.134821481,24.5011546,1.533542543,0.444469858,0.735678605,1.746641075,1.922801521,293
6.307734076,33.69570455,5.966596312999999,6.7135050739999995,53.62419406,0.44786433700000006,0.665548402,1.633748987,3.778821391,294
6.3541961129999995,39.20798733,6.07689723,11.35218163,43.36293381,0.449328124,0.604422724,1.7592384840000002,4.066409877,295
6.164156555,69.92328422,6.388273133999999,22.28343548,1.405007172,0.346836773,0.638998364,1.132053305,2.235402541,296
6.319868608999999,62.5063069,7.5265986620000005,28.17045081,1.7966436330000002,0.39428072799999997,0.774934175,1.5673384890000002,0.773012177,297
6.021508669,54.0302267,8.33642021,34.69680693,2.936546155,0.36187976,0.6088141539999999,1.335655531,1.7740839819999998,298
6.1719093439999995,58.64054422,7.148843537,32.80544218,1.405170068,0.405143536,0.669558229,1.388550916,2.561126177,299
6.280021237000001,40.09697366,5.950986535,12.55118811,41.400851700000004,0.469129464,0.553564069,1.284996575,3.1967554739999997,300
6.2724995770000005,66.57951574,6.708094931000001,25.1676708,1.5447185280000002,0.40935051299999997,0.801509492,1.6253966869999998,2.60879176,301
6.290272002000001,56.74175447,7.337208832999999,30.07347301,5.847563683,0.480242586,0.6308263789999999,1.592608,2.250596898,302
6.135781317999999,68.67230764,6.223924711,23.02414665,2.079620995,0.39479333,0.685043938,1.1937683590000001,1.832430225,303
6.287672669,38.78437866,7.6458947539999995,11.88401115,41.68571544,0.43836057700000003,0.526823422,1.6105685580000002,3.676529712,304
6.480351262999999,65.05132295,7.448983765,25.77188893,1.727804359,0.453331484,0.7594238170000001,1.955998523,0.35759487100000004,305
6.025624399,66.79522422,8.153489517,23.61732245,1.4339638119999998,0.435294557,0.670774282,1.362619316,0.297362138,306
6.026348949,68.94574635,8.258417166000001,21.79566203,1.000174449,0.42473433200000005,0.713186566,1.5267404530000002,-0.526406511,307
6.354370041,61.71622419,7.305713562999999,28.540637800000002,2.437424446,0.49557978700000005,0.746962021,1.863982913,1.91888155,308
6.396095975,60.00776609,7.291732259,28.87622526,3.8242763889999996,0.46633097700000004,0.704245338,1.7355164619999999,0.640339682,309
6.449680221,59.92175408,7.3308074329999995,25.19442783,7.553010663999999,0.461287025,0.761173806,1.9449362780000001,1.801372976,310
6.326328348,51.70797053,7.814577481000001,19.17005728,21.30739471,0.457772323,0.703202746,1.749725388,2.291355384,311
6.22356784,70.24240516,6.630725641000001,21.63282439,1.4940448080000002,0.395059981,0.7360554579999999,1.703851811,-1.163164493,312
6.128396402000001,69.98382967,5.869443856,19.44963136,4.697095116,0.405177554,0.692386152,1.2758548790000002,2.661979273,313
6.2322515339999995,64.10245126,7.220657484,27.56788276,1.109008494,0.431667921,0.7496522640000001,1.5391847330000001,0.520240764,314
6.559898484,60.05300832,7.361932394,27.83840493,4.746654352,0.468895445,0.750904582,2.0252140030000003,1.35772192,315
6.538139824,33.69457838,20.60202592,26.54118931,19.1622064,0.410457711,0.276532369,1.8236099019999998,4.632884419,316
6.376046444,66.89808063,6.767399802000001,21.92015246,4.414367112,0.41759641799999997,0.764874187,1.5430631869999998,2.8815384180000003,317
6.483413115,42.46911026,9.213216748999999,32.18579192,16.13188107,0.48598695700000005,0.47944821200000004,1.921536785,4.336086023,318
6.516340994,63.25849632,7.567604058,27.25282568,1.92107395,0.488641961,0.764277083,1.843157521,1.102425794,319
6.133398043,73.67531781,5.219420243,20.16160548,0.9436564679999999,0.367815932,0.658985377,1.1851152109999998,2.579819037,320
6.1719093439999995,46.74947119,8.657383738,37.98582499,6.607320081,0.460844395,0.606206174,1.794579015,3.7225866830000003,321
6.103899976,50.35363499,6.914246137999999,25.687332100000003,17.04478677,0.384398192,0.626692851,1.300314516,3.0087225969999998,322
6.0647150089999995,56.86285174,6.9689026179999995,34.65198995,1.5162556969999998,0.396300441,0.59307297,1.021049511,3.332572264,323
6.108580694,52.35568962,7.2574436,36.96539504,3.421471739,0.366291077,0.486952534,1.162345408,3.63970535,324
6.072583598,57.22571348,7.308401057999999,31.25826876,4.207616708,0.403454905,0.54411306,1.092547443,3.312741817,325
6.296740927999999,59.35525101,7.13981396,30.55101896,2.953916069,0.46526285799999995,0.71929761,1.655222325,1.213194822,326
6.039778407000001,65.51235756,5.731182563,17.56654486,11.18991502,0.398365234,0.7143137509999999,1.212962963,2.327000464,327
6.378086567,41.52004601,6.8457631910000005,12.64268099,38.99150981,0.42016660200000006,0.704563009,1.649491314,3.565991012,328
6.386879319,27.95054756,5.727477392000001,6.3494486210000005,59.97252642,0.393424129,0.592530534,1.504411091,4.4241850430000005,329
6.140530895,52.47928956,7.303468712000001,35.12930837,5.08793336,0.44412813,0.57574794,1.3296909909999999,3.518727956,332
6.110136077000001,60.51495317,8.154630601000001,29.61703974,1.713376487,0.347299484,0.706386066,1.383049231,1.2530574540000001,333
6.449522105,39.29389479,16.52668915,30.56277726,13.6166388,0.46842915799999996,0.316785379,1.791120634,4.943032016,334
6.560889212999999,41.12959788,16.59717893,29.50436409,12.7688591,0.47313558899999997,0.26992831300000003,1.857840706,4.922236019,335
6.1857970170000005,50.63123276,7.3851580729999995,41.04073838,0.9428707829999999,0.38133638700000005,0.7176073079999999,1.213373271,1.906896294,336
6.16057421,73.14676916,5.509248137999999,19.8438626,1.500120106,0.372491413,0.640500211,1.264658256,2.842054098,337
6.216606101,55.60164694,6.600102934,23.71384457,14.08440556,0.403727273,0.765454848,1.451002806,1.776272946,338
6.367157497000001,67.21387283,7.159111652000001,23.17614846,2.450867052,0.428747941,0.796458067,1.9425555840000002,0.28089259,339
6.695056986,52.12739636,10.11526419,21.52735711,16.22998234,0.510810756,0.359195727,2.041132782,4.87364296,340
6.20899236,59.04894357,6.7461888210000005,30.77614335,3.428724258,0.45414321799999996,0.724732763,1.44544511,1.387120549,341
6.5127849079999995,53.56773614,7.751563533,25.63431128,13.04638904,0.458834365,0.649710009,1.877809214,3.728045715,343
6.208187531,59.93577245,7.303589861,30.99667393,1.763963757,0.461376445,0.772337892,1.560967328,3.00647494,344
6.122712084,81.51188529,5.7280338760000005,12.14993745,0.610143393,0.355263316,0.630927715,1.061110597,2.9536631160000004,346
6.246687992000001,75.81041594,5.699547454,17.538529699999998,0.951506904,0.38886810200000005,0.734618076,1.4394115930000002,1.284620763,349
6.301702805,63.80496249,7.1667628389999996,25.54529717,3.482977496,0.32458573,0.674763798,1.50148937,0.569265032,350
6.099197247,48.32664795,6.818335754,31.57506566,13.27995063,0.38832307,0.34798627200000004,1.257736416,3.4792682360000002,351
6.133614939,56.55929458,6.461378865,24.26616139,12.71316517,0.382181813,0.547357132,1.11815562,3.333972535,352
6.305179797,47.36250546,7.172632038,23.35770406,22.10715845,0.379965971,0.685222104,1.8185263440000001,3.1442970989999997,353
6.2338223170000004,54.26682905,7.110002247000001,32.48158352,6.1415851770000005,0.369162262,0.591430453,1.815655359,2.611013701,354
6.131878451,52.99765101,6.729090792,34.21869276,6.054565437999999,0.43457371899999997,0.537676748,1.329064792,3.424002927,355
5.990714266,24.24069296,4.577036491,11.38039071,59.80187984,0.399349651,0.611243631,1.024378666,3.841494209,356
6.110358077000001,30.48865342,5.916822452999999,23.78633045,39.80819368,0.334466186,0.492749394,1.3514535369999998,4.031210732,357
6.009058856,43.31680257,6.194135172999999,33.86780618,16.62125608,0.41143042700000004,0.46265840399999997,1.125736048,3.5648919510000003,358
6.190725157999999,64.87888903,6.249197586,27.50994993,1.3619634530000002,0.46529271299999997,0.753541107,1.48751361,1.207817578,359
6.274008442,60.37477012,6.702122372000001,28.586907899999996,4.336199612,0.473657679,0.8275650929999999,1.632373934,1.262901285,360
6.242417799,75.16626698,5.730263988,17.52769498,1.5757740519999999,0.431746984,0.7081999840000001,1.329880525,2.7315625669999997,361
6.2706102889999995,57.45645864,8.33182148,32.05732946,2.154390421,0.376058454,0.739470552,1.684172196,0.85965462,362
6.4188542129999995,49.16819556,8.973029505,29.57714022,12.28163472,0.453978245,0.354803042,1.6638846919999999,4.526972027,363
6.401751346,55.99866935,8.747040291,24.27450443,10.97978592,0.411982535,0.516339805,1.6043821919999999,4.236420326,364
6.461624414,53.97714943,8.812846131,28.60000189,8.610002547,0.434802862,0.49602285700000004,1.675359804,4.202197654,365
6.296188085,46.29066162,7.464749527,17.6007602,28.64382865,0.43816812200000005,0.465981793,1.583363971,4.220132494,366
6.426650257,69.50798516,6.379523579,22.79614992,1.316341345,0.428547138,0.77531484,1.675550058,1.038778072,367
6.111023782,59.20495796,7.097447665,31.56657325,2.131021122,0.389931433,0.580648705,1.310682992,2.811875698,368
6.160151912999999,57.33640794,6.794291681,25.88670379,9.982596589,0.312120495,0.33386621699999997,1.545398773,3.5462013239999997,370
6.068425587999999,78.25656319,5.949323001000001,14.03413296,1.759980844,0.336516215,0.516995389,1.000254972,3.8394467239999996,371
6.217404186,68.28559251,6.441459656,17.95608791,7.316859925,0.333152849,0.56652227,1.3588022880000001,3.9809899210000004,372
6.146329258,79.63153186,5.650728432,13.02009123,1.697648475,0.342715369,0.596169905,1.14469728,3.78163082,373
6.20314262,59.93845775,7.614007016,31.17484153,1.2726937040000001,0.336525329,0.706743192,1.227471853,1.079618038,375
6.313548046,54.11738609,6.484366335,31.03138833,8.366859252000001,0.386825871,0.684360108,1.592446141,2.02757937,377
6.171700597,68.55343964,7.5285131860000005,22.93337462,0.98467255,0.33758861799999995,0.72452548,1.299687593,-0.36984182,378
6.3110085929999995,69.83042059,7.734188105,21.31114699,1.124244317,0.43071676200000003,0.708779315,1.5249843980000002,-0.6056359029999999,379
6.202940293999999,49.42039678,6.223533811,15.95803814,28.39803127,0.407410848,0.6868668379999999,1.315642154,3.964100653,380
6.195425279,46.60192412,6.006534761,17.47504084,29.91650027,0.44574562,0.572792669,1.26880521,2.983178619,381
6.3568018639999995,67.59124244,6.864090578,23.80559249,1.739074495,0.44676057799999996,0.7806459309999999,1.756742721,1.128501447,382
6.546785411,61.290164100000005,7.194654612999999,22.5311978,8.983983492,0.501663894,0.75460762,1.9963022719999999,1.713555874,383
6.1942012889999996,62.3070926,7.37945786,26.51127459,3.8021749560000004,0.439155395,0.709914787,1.637966258,1.498016246,384
6.2367609029999995,80.06965235,5.3023360010000005,13.66367284,0.964338812,0.42770373700000003,0.7709472559999999,1.313727432,2.866568898,385
6.4548840489999995,64.82651441,7.120736061000001,26.64279199,1.409957544,0.46180774799999996,0.81683809,1.655607115,0.717996695,386
6.065411792000001,48.72474428,6.998645087000001,28.04594792,16.23066272,0.36701832799999995,0.28488732699999997,1.4220507480000002,3.8540344319999997,387
6.097175002,39.37840609,7.247432507999999,21.57682692,31.79733448,0.342782859,0.42279401299999997,1.281064567,4.1645653419999995,388
6.325254619,45.36951175,7.2249324679999996,32.64524453,14.76031125,0.389864881,0.480859446,1.868468204,3.939727055,389
6.010040932999999,61.64589436,6.735205712999999,30.12654835,1.4923515790000002,0.40421074799999995,0.685854262,1.186949657,2.611585723,390
6.355760377999999,64.0441561,7.119726695,27.31046148,1.52565572,0.436634617,0.788213026,1.791770574,0.803745018,391
6.323103695,66.32949183,6.428882687000001,23.73513078,3.506494711,0.43173602200000005,0.724131497,1.549084294,2.002789668,392
6.042157661,54.36054241,7.172294602999999,37.40627493,1.060888062,0.345126224,0.660502513,1.0518050620000001,1.535859223,393
5.995705541,59.39700634,6.1684333879999995,23.04586374,11.38869653,0.324114703,0.556955147,1.002618602,3.4494045539999996,394
6.112132307,70.79482042,6.346282292000001,21.42934092,1.4295563740000001,0.347909323,0.7041911340000001,1.271184063,1.536140155,395
6.218998447000001,52.91055682,6.546905532,30.97998325,9.562554393,0.50417505,0.631464272,1.606173214,1.67217564,397
6.342473469,52.67392519,6.663360179,31.65253537,9.010179259,0.49569239600000004,0.654079284,1.566969616,2.766880163,398
6.245719093,55.82392689,6.667118434,17.11262561,20.39632907,0.451146372,0.551827278,1.4620016480000002,4.13988067,399
6.464899782000001,64.88062042,7.958288174,24.79454505,2.366546358,0.45797629700000003,0.7638917159999999,1.949685069,0.944797019,400
6.27174429,62.62883212,7.854728721,28.17168858,1.344750576,0.377799275,0.753440507,1.6576154140000001,-0.001684988,401
6.001414877999999,61.90282068,8.849307766,27.95434234,1.293529218,0.443288719,0.7015256409999999,1.3406141870000001,-1.229774805,402
6.2349987879999995,70.35685367,7.00021669,21.38270816,1.26022148,0.37365815700000005,0.7363048179999999,1.31897712,1.004579029,404
6.286742696,63.22427534,6.5279346689999995,27.66314655,2.584643446,0.473807374,0.764753225,1.5428867659999999,2.643672504,405
6.134482053999999,58.45220483,7.439026045,33.017549100000004,1.0912200220000001,0.332087217,0.729772665,1.2623294390000002,1.021431211,408
6.281144622,63.462413100000006,7.581270439,27.53557274,1.420743725,0.432082574,0.7547298490000001,1.5659427369999999,0.7982547179999999,409
6.319868608999999,67.06928527,7.994911789,23.71249227,1.223310666,0.37859037100000004,0.75071144,1.641775433,0.845220317,410
6.2482362789999994,66.75460141,7.215702922,24.42059088,1.6091047840000001,0.42074385700000005,0.750874591,1.5714432180000002,0.34373666399999997,411
6.312460499,63.68161055,7.190369426,26.78270739,2.345312631,0.51554513,0.691204753,1.804689855,0.58842064,412
6.152519906,64.32064759,6.7311259770000005,25.87216819,3.0760582380000003,0.38400108299999997,0.692134805,1.3791900719999999,2.3948073919999997,413
6.18538524,51.16177302,6.16588219,25.33380295,17.33854183,0.329399843,0.458331031,1.292865381,3.646663663,414
6.183117431,53.47686449,6.736130726,34.22464928,5.562355501,0.32530525899999996,0.412027904,1.52965795,3.8796417689999996,415
6.1719093439999995,65.00357555,5.966224765,25.18730403,3.842895649,0.372847915,0.66248083,1.473170905,2.550487919,416
6.156767099,56.0789298,7.592564062999999,30.97493966,5.353566477,0.409015429,0.682012445,1.2446180629999999,1.5407280369999998,417
6.191544158999999,58.59884545,7.303193171,28.68584677,5.412114612000001,0.379476855,0.677971309,1.4464245519999999,2.0780865040000003,418
6.20617262,62.37995776,8.233468302,28.22203293,1.16454101,0.384652886,0.748477752,1.4718694019999998,1.4097578169999998,420
6.139453425,63.84415064,7.600160256000001,27.32471955,1.230969551,0.40129382799999996,0.733327823,1.443344414,0.272378813,421
6.020537795,65.80542265,7.714572627000001,25.26197649,1.2180282359999999,0.35307639399999996,0.7078703540000001,1.3699973140000001,0.109542771,422
6.045715962,66.22198394,7.41558387,24.88541272,1.477019469,0.393877191,0.6822357370000001,1.251613621,0.100291701,423
6.276643489,62.55843085,7.530068335,28.56313587,1.348364955,0.42127528,0.76726753,1.611365397,0.214361423,424
6.126432407999999,64.67823048,7.390997982999999,26.62573963,1.305031902,0.41957672,0.676760335,1.30568135,-0.23670513,425
6.080619457999999,68.23079435,6.405149494,24.22314474,1.140911423,0.431378611,0.666418984,1.112611043,2.518265542,426
6.146115102,57.25241322,6.616623353,29.73129757,6.399665862000001,0.432759664,0.6658172379999999,1.349898016,3.652293186,427
6.213006817,55.08732575,6.846125087000001,29.321155800000003,8.745393366,0.47315624,0.586785181,1.342380792,3.346760787,428
6.300235184,63.4310348,6.936128664,26.82614543,2.806691107,0.512197108,0.798150158,1.81382283,0.575891991,429
6.105462651,54.49331441,7.457184723999999,35.74732118,2.3021796869999998,0.43985284799999996,0.657013627,1.346330935,3.18378411,430
6.1719093439999995,45.221888899999996,8.327299059,41.60546188,4.84535016,0.37212107899999997,0.460798393,1.516453355,3.4619889639999997,431
6.063552624,40.82596524,7.892086766,33.57334193,17.70860607,0.361972932,0.42579777,1.32841059,3.971884559,432
5.95997388,47.98908848,7.888208347999999,39.09619641,5.026506768,0.365943001,0.499439915,0.9829570059999999,3.7285380580000003,433
6.066340082000001,43.99403111,7.029011379,32.62292531,16.35403221,0.315277244,0.477670331,1.470394244,3.5128249960000004,434
6.142467421,63.69365215,6.063500427999999,24.31218848,5.930658938,0.44049471700000004,0.7266383259999999,1.294858853,2.395269844,435
6.044531267999999,52.49404587,7.301506596,39.262490299999996,0.941957237,0.37427442200000005,0.7377383009999999,1.1587896009999998,1.303771801,437
6.516193076,63.70114196,7.29273048,23.74431343,5.261814131,0.432640679,0.819308667,1.683959921,3.558359508,438
6.17752909,61.49053651,5.765691283,17.7685259,14.97524631,0.39919532799999996,0.692391704,1.29353345,2.275275471,439
6.012736682000001,54.75461916,5.37148203,14.01925626,25.85464255,0.387480534,0.670559028,1.118405983,3.504592625,440
6.47002521,63.72859932,7.572765131000001,24.75425192,3.9443836269999997,0.423427083,0.80448544,1.78223898,2.42095879,442
6.26435019,48.39236154,7.9648730379999995,32.41953523,11.22323019,0.328036074,0.45850968200000003,1.674622685,3.674689895,443
6.360611392999999,57.6591027,8.20776525,29.26357503,4.8695570130000005,0.38942335200000006,0.690559897,1.95678302,2.108116153,444
6.089044875,53.70813397,6.218977776,21.88100881,18.19187944,0.408756045,0.7259302609999999,1.196306849,1.664141724,447
6.340182921,67.28425494,6.569518809,24.94926681,1.1969594479999999,0.404034534,0.7958131490000001,1.534682191,1.088104238,448
6.239495814,71.48754275,7.429164631,20.232046899999997,0.8512457259999999,0.463295102,0.747158104,1.424023875,-1.3423499330000002,449
6.073965769,54.17800267,6.787738056,22.48773979,16.54651949,0.447686872,0.597989598,1.175733052,1.885874256,451
6.09289234,60.41429945,6.783716458,31.4734289,1.328555196,0.35580172200000004,0.605446981,1.170612334,3.2807261810000004,452
6.105016422,51.82714907,7.3993411920000005,37.69907168,3.074438062,0.356681346,0.483367935,1.408754209,3.886043308,453
6.222377836000001,51.68989049,7.279145794,39.28078659,1.7501771309999998,0.36819853799999996,0.749766066,1.450871504,2.036331618,454
6.215008018,60.00608975,7.72243338,29.83872661,2.432750257,0.425399555,0.691901634,1.566787879,3.1479743439999996,455
6.596326812999999,29.11724727,15.42118141,17.18901705,38.27255427,0.496328294,0.240530687,1.75934202,4.64213137,456
6.19746194,56.72671286,7.104952527999999,33.184500899999996,2.983833718,0.42656525799999995,0.680957551,1.3874803230000001,3.1159765339999996,457
6.139022112,48.06514852,7.386347799,36.69574751,7.852756176000001,0.360489092,0.432039634,1.5175350019999998,4.150972284,458
6.178980921,61.62403541,8.242913287999999,28.50744904,1.6256022559999999,0.379204649,0.7017541540000001,1.300232184,-0.44330197200000004,459
5.908897823999999,55.43258071,5.913694872000001,20.91158472,17.74213969,0.38524053,0.542199631,1.183741226,3.5600385130000003,460
6.32256524,60.43441562,6.513983456,28.35968713,4.691913792,0.445854951,0.7691433120000001,1.769306756,2.78277023,461
6.60692042,54.5751424,7.865433209,25.99040644,11.56901795,0.5220916720000001,0.46162535600000004,2.018967785,4.273806022,462
6.384519635,64.11065001,7.135960227000001,27.16431095,1.589078807,0.45847497,0.8635024040000001,1.688205355,2.102873861,463
6.400921677,48.80783867,7.38184091,29.49335441,14.31696601,0.469983174,0.607582957,1.871297479,3.675521273,464
6.356281257000001,56.81780108,7.062684155,27.51263833,8.606876435,0.48753466100000004,0.657136322,1.5782849369999998,2.9935345860000004,465
6.186414364,70.37331124,6.415567677,22.24101821,0.970102879,0.348038113,0.685032161,1.125764127,2.3996021069999998,466
6.047135745,64.04429229,6.314885645,25.37105389,4.269768168,0.47923870700000004,0.6953577790000001,1.3901766780000002,1.7972536430000001,467
6.5591902179999995,61.87359297,7.324982893,26.15215257,4.6492715680000005,0.464840455,0.74922943,1.906600166,2.199125464,468
6.115008733,45.30728987,7.903587443999999,45.65654824,1.132574451,0.318405243,0.717634771,1.031490194,1.9409452040000001,470
6.252289165,77.67128517,5.764012834,15.09661711,1.4680848869999998,0.431364377,0.810488477,1.6358463730000001,0.426469639,471
6.208187531,70.99281461,6.774400984,20.68293865,1.549845761,0.37834493799999996,0.673616104,1.6228732209999999,-0.660823223,472
6.696046105,54.05747736,8.792769971,27.23413724,9.915615425,0.48968431,0.633317102,2.218250013,3.4212699769999997,473
6.115450527,51.4605074,5.763183526000001,18.37298827,24.40332081,0.36331784100000003,0.636002927,1.145216021,2.533771196,474
6.352280904,58.54983804,6.7805948460000005,29.23122227,5.438344842999999,0.427268759,0.709338347,1.458917464,1.5995262380000002,475
6.212806477000001,54.94339698,7.718593567,32.50801834,4.829991107,0.40878441299999996,0.600119274,1.400653821,1.5998774830000002,476
6.413786772000001,64.17398377,6.666736188,23.07339354,6.0858865,0.44390475799999995,0.760493698,1.555139223,3.484925674,477
6.254405567999999,60.78989121,7.1713508610000005,26.64891206,5.389845875,0.392743406,0.688137381,1.81151214,0.741354579,478
6.094472297,67.24822474,6.279997927,23.42196652,3.049810812,0.41552382299999996,0.7479577,1.4255943919999998,1.489782606,480
6.1721180470000006,69.23938779,6.429688821,22.51712329,1.8138001019999999,0.4058187,0.764638335,1.377570027,1.735710915,481
6.021266037999999,60.00423649,7.006923308999999,23.11448543,9.874354772,0.384489625,0.602761599,1.046062836,2.9904151530000003,482
6.323821183,63.68890408,6.775834033,24.33375799,5.2015039000000005,0.459497905,0.71688139,1.4965892669999998,1.36495583,483
6.541895426,52.21520338,7.0276153489999995,16.61402535,24.14315592,0.43379467299999996,0.7474663709999999,1.9707157530000001,2.940600991,484
6.46987028,63.74192413,7.231871451,23.61916119,5.407043231,0.47142023,0.7051078340000001,1.897728013,2.388937236,485
6.388897484,58.27111612,7.057485547000001,29.92533934,4.746058991,0.40917495299999995,0.7910800379999999,1.975589795,1.121689985,486
6.152094193,67.70108793,6.695995086,23.455799300000002,2.14711769,0.433607876,0.755517408,1.66086507,-0.10202952400000001,488
6.3712699079999995,64.56712992,7.438284016,25.96828137,2.026304691,0.467528981,0.753757653,1.826759688,0.248275995,489
6.58396232,57.28986412,7.492090147000001,26.36003399,8.858011734,0.47725950899999997,0.729654288,2.0206185569999997,2.67636275,490
6.0700446470000005,59.33593198,8.325086341,31.171611499999997,1.1673701859999999,0.407366058,0.698695958,1.300691324,0.899715624,491
6.089044875,78.66926376,5.392776477000001,15.04175387,0.8962058890000001,0.384530485,0.694695518,1.266178634,2.444002137,492
6.112132307,79.11819347,5.618089154,14.06956297,1.194154406,0.367460047,0.695886838,1.242741445,2.752715152,493
5.947773859,58.92649323,9.051688668999999,30.43836035,1.583457745,0.378656448,0.6760944390000001,1.396494191,0.44432783,494
6.121395717,64.33677888,5.910858069,24.56654322,5.1858198369999995,0.415623523,0.50023065,1.38996919,3.5320824999999996,495
6.249009525,65.82329668,7.852630659,24.55791383,1.766158823,0.414905883,0.661851192,1.6813162380000002,0.401184969,496
6.144185633999999,66.19267138,7.429234386,24.92530724,1.45278699,0.38035666100000004,0.669405922,1.273700564,0.265901045,497
6.10946978,62.75560047,7.085508955,25.64370333,4.515187244,0.426220569,0.65776116,1.0875380159999999,1.5839750119999998,498
6.2326444610000005,72.73959572,5.709869202999999,20.65992866,0.890606421,0.378013318,0.6962104379999999,1.284843405,0.829643303,499
6.31209772,81.11228814,5.803907721,12.32109228,0.762711864,0.34478389200000004,0.873512029,1.7462443440000002,2.147332519,500
6.270232002,71.10281191,6.662020036,21.39877454,0.836393521,0.46993901,0.777085468,1.58959837,0.125642015,501
6.436791189,65.19784654,7.547816035,25.39949267,1.854844752,0.45699010799999995,0.75973288,1.809610865,1.319899735,502
6.022963214,49.22483876,6.772510477000001,28.2334164,15.76923436,0.3497889,0.515166617,1.042485618,3.666771508,503
6.1565551670000005,39.41310156,6.984490476,38.52399292,15.07841504,0.31613785699999997,0.36567692399999996,1.653566537,4.046269906,504
6.369044452000001,56.18872823,7.23062805,32.5630064,4.017637316,0.319341155,0.782515352,2.100007884,1.887811858,505
6.127960292000001,56.29426743,6.958680162,32.75094687,3.9961055360000004,0.374257634,0.612889259,1.312083482,3.6115345089999997,506
6.12402672,57.67666114,6.231300717000001,25.31371747,10.77832067,0.41089468,0.689812655,1.261483848,3.042183004,507
6.042870335,62.14096168,6.853837172,29.69005413,1.315147012,0.40802579899999997,0.747711198,1.367902605,1.120532513,508
6.211202305,60.5257628,6.8956459610000005,27.85891401,4.71967723,0.415995264,0.772853625,1.700019919,2.304331911,509
6.178566327,65.23119298,7.402668437999999,25.93619972,1.429938856,0.40315015,0.70752977,1.5412314280000001,0.53166085,510
6.172952423,70.79257299,7.103809414,21.12824644,0.975371159,0.41558897100000003,0.7160295659999999,1.4322613069999999,0.10874132,511
6.2322515339999995,62.84260672,6.554738448999999,28.93668193,1.6659728969999998,0.42260813,0.695672278,1.3142310190000002,1.335765268,512
6.167097116,69.20899402,7.397296154,21.99544658,1.3982632519999998,0.44188261700000003,0.7320761720000001,1.64270092,-0.74655661,513
6.182911012000001,70.83993661,7.107225184,21.094763,0.958075205,0.37845080299999995,0.767190319,1.58179555,-0.010579634,514
6.250168274,40.81224636,5.68751492,11.96810098,41.53213774,0.49468937,0.5636953170000001,1.373462367,3.90827058,515
6.405724202999999,64.79755508,6.268152241,18.80951658,10.1247761,0.42191323700000005,0.825285266,1.81717542,3.407640572,516
6.419669142,62.47685138,7.432996195,28.810110100000003,1.280042329,0.43973084,0.823695912,1.818289869,1.44316644,517
6.297477576,61.97436809,8.325206237,28.45439838,1.246027284,0.426372853,0.79061195,1.641979354,0.994355324,518
6.18887995,64.73608245,8.233801207,25.77567251,1.254443831,0.43423000799999995,0.736569005,1.54714773,0.082231423,519
6.122054117,71.82725626,7.103480863,20.11241928,0.956843597,0.45401399299999995,0.738612425,1.299441496,0.182553876,520
6.221583712,75.73302113,5.809738012,16.88079613,1.576444732,0.40804203200000005,0.8118074959999999,1.6161281319999998,1.4310818369999998,521
6.114566743999999,67.60152624,6.024740564,22.53505723,3.838675967,0.34876234700000003,0.597215908,1.172477064,3.4462929310000003,522
6.160363084,53.75397884,7.042664824,34.21557271,4.987783629,0.44813848700000003,0.554725769,1.361225865,3.7022457810000002,523
6.121615232000001,50.11089614,7.026567882999999,33.06403662,9.798499363,0.41165437299999996,0.468865241,1.4224391619999999,3.808056316,524
6.290457411,57.18014491,7.804554251,30.61180865,4.403492192,0.420671085,0.751643519,1.628510039,3.606044541,525
6.180016654,71.11339773,6.669543377999999,20.352729,1.864329892,0.35708965200000004,0.753215898,1.479157175,2.453368101,526
6.472037127999999,63.76074813,7.003284588,22.50151677,6.734450512,0.500198492,0.74388688,1.702707424,2.927833552,527
6.285625586,65.90835127,6.64951971,24.22445016,3.217678862,0.38834889899999997,0.7209204570000001,1.591702304,1.185790466,528
6.26928566,71.33366872,6.912787173,20.93185248,0.821691627,0.429881721,0.817384943,1.455715532,0.411946401,529
6.298029707,73.12583418,6.101115797,18.47525493,2.297795099,0.418489839,0.787052069,1.6169323930000001,1.229944051,530
6.045715962,63.00850229,6.126008284,25.63549161,5.22999782,0.422643255,0.679208574,1.335874321,2.674262069,531
6.320768294,55.41341091,6.779768982999999,33.2767114,4.530108714,0.47307457299999994,0.627429806,1.518871713,2.6981981580000003,532
6.280021237000001,58.75663025,6.737859739,29.08252673,5.422983287999999,0.426637266,0.664835034,1.4592749530000002,3.657961072,534
6.1565551670000005,67.97127117,6.110851542000001,23.79581237,2.122064912,0.369332056,0.655736429,1.161380957,1.99319361,535
6.295081483,68.4565713,6.07168322,21.09924983,4.372495657,0.399838268,0.7660902829999999,1.526095151,2.468650455,536
6.0478448810000005,57.12360416,6.535184828999999,26.891605699999996,9.449605314,0.384547565,0.553092739,1.1073952459999998,3.3124699310000003,537
6.074656138,61.73085871,6.482965414,25.21222148,6.573954402000001,0.41220484700000004,0.6408267120000001,1.063689295,3.13211847,538
6.121615232000001,64.85218732,6.191715342,23.75724545,5.198851897,0.402626579,0.687712695,1.119817945,3.305323158,539
6.278709023999999,74.50058754,6.523519567,17.830478699999997,1.145414189,0.41229741299999995,0.808350198,1.6568027909999998,0.304907965,540
6.285252937999999,64.52057229,6.528259131,23.01719541,5.933973162999999,0.411381491,0.7465978940000001,1.450999476,3.4917275819999998,541
6.334167334,70.37631371,7.222285004,20.92778845,1.4736128380000002,0.464757829,0.7421093590000001,1.77558715,0.277100384,543
6.50264011,53.43080159,8.593084505,26.80666864,11.16944527,0.513189346,0.39487314799999995,1.7696282230000002,4.702034082,544
6.254597747,61.38492542,6.249177207000001,20.41742195,11.94847543,0.41524741600000004,0.6815811979999999,1.452491178,3.049386805,545
6.267200549,61.73659534,8.071852208,28.58960487,1.6019475840000001,0.451420945,0.754456468,1.642111602,0.91233637,546
6.280021237000001,62.24086521,7.21584879,28.72087734,1.8224086519999998,0.436955462,0.7603241759999999,1.601361083,0.217164293,547
6.223766036000001,63.05558644,7.796658142,27.67495224,1.4728031780000002,0.39654132799999997,0.718844325,1.531183723,0.232914603,548
6.228116448,63.40025286,7.375316069,28.16614352,1.058287558,0.431355606,0.731583676,1.5734710090000001,0.315184991,549
6.126869183999999,62.90720849,7.389279856,27.9856077,1.7179039459999998,0.483787106,0.629710059,1.4413872090000002,0.326225631,550
6.1198577620000005,68.27952145,6.008910247,21.42563949,4.285928818,0.346639711,0.628905608,1.265038769,3.484380195,551
6.403574197999999,63.90543807,7.451891047999999,25.99310962,2.6495612619999998,0.470825779,0.770319981,1.819795289,1.398765815,552
6.49828215,63.47705067,7.231311066,24.40543816,4.886200106,0.48202907700000003,0.7778109529999999,1.9007227819999999,2.279133452,553
6.50847103,64.43774302,7.66515723,25.89572283,2.001376916,0.45196959200000003,0.757228795,1.9983247290000001,1.392176047,554
6.3541961129999995,62.34295384,8.008054377,26.68910296,2.959888827,0.467527144,0.76544584,1.831098099,1.726852035,555
6.408858226,58.30064119,7.3905340420000005,23.40546697,10.9033578,0.45246762700000004,0.7376699999999999,1.7794317990000001,3.9452985480000002,556
6.39325625,66.57869557,6.159378384,20.82181122,6.440114818,0.408549449,0.828642445,1.894883041,2.8030891860000002,557
6.068657042999999,52.90925797,7.605294527000001,36.71649945,2.768948048,0.366479079,0.629544432,1.1572110290000002,2.7823031830000002,558
6.202535517,50.36569643,7.520950067,35.60643626,6.506917241,0.297584848,0.559607493,1.49082515,3.072370612,559
6.214408078,58.4048371,6.669647931,31.67686818,3.248646785,0.522155086,0.71631325,1.468967872,2.31208337,560
6.232055012000001,56.56802758,7.01833646,30.22913209,6.184503875,0.510197145,0.6540702860000001,1.491396465,2.107348332,561
6.217204724,64.31073909,6.157299599,27.71833763,1.813623681,0.47909253799999996,0.724272134,1.39235823,1.668752711,562
6.298581532,69.38080606,6.5205785,21.30933596,2.7892794860000003,0.457467953,0.781057736,1.891299166,0.93625228,563
6.181258119,62.0935319,7.9473985129999996,28.52968136,1.4293882219999998,0.38354659399999996,0.682504773,1.515728477,0.868110886,564
6.089951494,59.06550537,6.649033301,30.79494018,3.490521143,0.43782350700000006,0.610168925,1.237895701,2.883683234,565
6.311371767000001,66.41530968,7.133103715,24.77632625,1.675260358,0.43344499,0.764121484,1.6689191509999999,0.9787487159999999,566
6.170029055,63.8554088,7.480883375,26.70017646,1.963531362,0.346925592,0.6874904620000001,1.3509962780000002,1.881583741,567
6.081533744,61.13975155,7.6480331260000005,28.60973085,2.602484472,0.34836039399999996,0.64142304,1.364159857,1.948716111,568
6.015913228,72.01518324,7.275990469,19.92903485,0.779791437,0.43100294200000006,0.699144257,1.496685346,-0.791181136,569
6.190520303,62.29891711,7.599546584,28.89684779,1.204688518,0.45508698799999997,0.810195028,1.690220632,0.7372534140000001,570
6.302252608,62.15732657,6.323168896,26.22338824,5.296116296,0.49076179,0.63814295,1.32270108,2.741141867,571
6.13122649,64.28396197,8.301134621000001,26.3692119,1.045691506,0.420266456,0.720799785,1.435669822,0.078209437,572
6.409352175,63.80500126,7.192725436,26.98560242,2.0166708769999997,0.45689445799999995,0.7273842759999999,1.7797479999999999,1.191479046,573
6.564560497,49.462063799999996,7.659275891,26.31396763,16.56469267,0.507780071,0.48952243799999995,1.991256949,4.556079803,574
6.018593215,62.92570934,7.694683523999999,27.80237203,1.577235103,0.364433034,0.678283813,1.279436903,2.359734108,575
6.12249281,54.57538097,7.578783844,36.67332446,1.1725107259999998,0.374518555,0.669903033,1.1987032340000001,1.9316046669999998,576
6.137727054,61.15412022,8.839478738,28.18391526,1.822485779,0.36879889,0.7134535129999999,1.4906888919999999,0.353468165,577
6.14117682,47.41676145,8.691783313,18.37554261,25.51591263,0.41210495399999997,0.30602126399999996,1.261297938,4.58791545,578
6.104123365,58.53576588,8.473608171,31.24013036,1.7504955819999999,0.37357558,0.675752681,1.5922673999999999,0.672499693,579
6.476664623,62.55163225,7.8994955739999995,26.94299039,2.605881793,0.470548886,0.688959332,1.794106688,1.443502576,580
6.555641346,54.92593715,8.067592377999999,28.79360439,8.212866081,0.49322972299999995,0.701177047,2.121141934,3.639170113,581
6.259007686,63.33194949,6.555351917,28.2718537,1.840844885,0.360534143,0.735755481,1.6152698890000001,3.2122923230000002,582
6.115008733,64.32547382,6.191568178,27.91693616,1.566021834,0.385410595,0.641351751,1.329051746,3.11221522,583
6.419017252000001,54.43354377,6.53546341,20.92435065,18.10664216,0.43546163299999996,0.655463059,1.656672811,3.5169911560000005,587
6.068888444,63.95690637,7.56810734,27.05447181,1.4205144790000002,0.329440826,0.6889940590000001,1.27786567,1.154784538,588
6.245525201,57.67755006,7.303571977000001,33.54752233,1.4713556319999999,0.37438255200000004,0.7282299940000001,1.4988499530000001,1.111190724,589
6.38316874,53.02149378,8.479124464,28.83726641,9.662115352999999,0.520298037,0.259284872,1.777335451,4.840735682,590
6.03260649,61.88653049,6.466541852000001,25.91560258,5.731325073,0.42035124,0.6285191489999999,1.301149875,2.502391094,591
6.201725473,67.98331917,6.75059255,23.84508743,1.42100085,0.35953877,0.68124535,1.275206812,3.113584209,592
6.031886462,61.92079081,6.136688042,23.8128209,8.129700248999999,0.38837916299999997,0.581131752,1.0258745459999998,3.551983237,593
6.086774727000001,47.55207117,5.801708117,16.59371795,30.05250277,0.368414136,0.6331737129999999,1.15799663,3.394529267,594
6.242223266,44.5359194,7.298922373,17.94397059,30.22118764,0.43112755399999997,0.455777945,1.46151893,4.230489039,595
6.104569992999999,68.98412698,5.7716727720000005,24.17704518,1.067155067,0.332324491,0.679397905,1.284464064,1.7701918269999999,596
6.362510727999999,63.21759281,7.20524632,27.70267101,1.8744898630000002,0.47353110200000004,0.7118159479999999,1.794122279,0.6008717960000001,597
6.046426105,47.76520862,6.0780251839999995,17.24493227,28.91183393,0.372602548,0.597936907,1.15977154,3.863605802,598
6.130574103,71.55430456,5.81013097,20.76082048,1.874743995,0.44959191299999995,0.707003355,1.4273893119999999,2.34311196,599
6.293419279,71.27598935,5.891697426,20.11493716,2.7173760689999997,0.453980447,0.785353917,1.7066599180000002,2.465351077,600
6.27268831,55.80605312,7.169034383,28.54745728,8.477455219,0.44407894700000006,0.6452867170000001,1.7822665919999998,2.376744824,601
6.193588731,67.38010085,6.300952972999999,22.74029811,3.5786480660000004,0.460008682,0.752377321,1.34669176,1.217455301,602
6.0478448810000005,69.21991898,5.365666505,24.16637516,1.24803936,0.405490555,0.614072761,1.149615155,3.024186639,603
6.445243516000001,55.79427369,6.777743675,21.61880125,15.80918139,0.48302181899999996,0.674207665,1.691398969,3.4289669689999998,604
6.1161128520000005,60.05718524,7.37650526,31.29769503,1.268614478,0.378728954,0.704471372,1.244048429,1.404727355,605
6.337002707000001,63.62999645,7.945981139,26.52408949,1.89993292,0.43523762200000005,0.7892659190000001,1.740813555,0.573949441,606
6.274008442,70.66890505,6.134370852999999,22.09870802,1.098016085,0.438824459,0.7261467159999999,1.5045400709999999,1.65015936,607
6.176075149,57.13787809,6.751193964,31.04117409,5.06975386,0.46180146200000005,0.7078674159999999,1.345794114,1.8587607119999998,608
6.134048591,63.79368751,8.445687628,25.72324548,2.0373793780000002,0.420938662,0.744855597,1.483457375,0.581980889,609
6.372807712999999,56.93946124,7.082787553999999,28.41752568,7.560225525,0.436074067,0.57063453,1.669272844,2.2225960959999997,610
6.089724916000001,70.23237768,6.406115644,22.33594094,1.0255657390000001,0.395241859,0.669422187,1.174977304,2.357563452,611
6.142682359,56.9805748,5.9797796210000005,15.96728388,21.07236169,0.385436545,0.618583221,1.101242632,3.454649566,612
6.038109555,58.79633223,5.978423567999999,20.02527968,15.19996452,0.410263296,0.589134543,1.067051853,3.490356733,613
6.199697486,46.1692656,7.035449152999999,11.98290144,34.81238381,0.437495976,0.318021741,1.312877828,4.499774576,614
6.621139305,41.73210814,9.27285028,18.63219464,30.36284694,0.47832877,0.292488442,1.8546808030000002,4.985703551,615
6.170238151,67.94051407,7.745564175,23.26767478,1.046246976,0.439972408,0.740076524,1.549189815,-0.565776418,616
6.215008018,59.58883093,7.570382019,31.21452133,1.626265726,0.403809435,0.6976261159999999,1.4010382869999998,1.882771264,617
6.098748212,78.73731326,5.497752212999999,14.21798622,1.546948311,0.407372549,0.6647587979999999,1.231468961,2.8236666739999996,618
6.2846937060000005,65.53982341,7.396743671,25.29300183,1.7704310909999998,0.44839957799999997,0.732405286,1.78397562,0.215107677,619
6.101215411,62.84071223,7.796787387,27.73876764,1.62373274,0.430371093,0.685700616,1.480487471,0.27979071899999997,620
6.636602508999999,56.3597697,7.400798797,24.43487733,11.80455418,0.513631241,0.639247526,2.2160813480000003,3.8182318810000004,621
6.3940923,62.17896673,7.3471527089999995,27.71445896,2.759421601,0.39420471700000004,0.701682529,1.987902782,1.096869802,622
6.427943709,64.01633977,6.735270261,21.45963431,7.788755656,0.5040207560000001,0.701258688,1.9837909569999999,1.931421754,623
6.298581532,73.83283549,6.61992477,18.45060294,1.0966367959999999,0.36821900399999996,0.8119623509999999,1.62117509,2.103972642,624
6.355412975,72.70297216,7.045326475,18.91805979,1.333641578,0.334164024,0.8092211020000001,1.6971765909999998,1.9300813,625
6.412967032999999,63.90437526,7.0361532979999994,27.70810481,1.351366633,0.458615709,0.7547538509999999,1.605113205,0.830608943,626
6.328472355,65.41100793,7.172238712,25.86491568,1.551837677,0.45709865,0.71713128,1.7456845090000002,0.382996609,627
6.426488458,59.22357608,7.298573723,23.2549353,10.222914900000001,0.48621779299999995,0.716787469,1.89441131,2.3699048719999998,628
6.534370064,58.614039600000005,7.195838361,27.28207765,6.908044386,0.499275996,0.789499623,2.065950472,1.8683212919999999,629
6.026107491,61.41293936,6.438126147999999,22.63655521,9.512379278,0.373223188,0.563252051,1.06226851,3.5791056880000003,630
5.990964422,54.02088979999999,6.3474602220000005,19.34518072,20.28646926,0.374506268,0.5780896179999999,0.99992313,3.573016473,631
6.159306783,52.90002709,6.404201948,17.95955861,22.73621236,0.359730871,0.677374488,1.458101645,3.602617163,632
6.20617262,63.69573141,6.600315892,25.73606836,3.967884335,0.432252681,0.67179466,1.5206806609999999,3.390457132,633
6.17586727,71.60099096,6.771550173,20.21407246,1.41338641,0.451764615,0.741830873,1.5765914509999999,0.7618069820000001,634
6.122712084,68.18608305,7.295598857000001,23.29311135,1.225206747,0.394962263,0.740233151,1.696027634,0.262041733,635
6.219396615,76.54122481,6.365248906000001,16.42101502,0.672511262,0.41907518899999996,0.719281042,1.245511222,0.059350560999999996,636
6.1586724660000005,69.32627702,5.764793977,22.10596616,2.802962843,0.420950583,0.631828665,1.325943586,2.807702888,637
6.105685691000001,58.05423644,7.74077314,31.3161293,2.8888611180000003,0.42074413899999996,0.751927371,1.540236666,2.8177312860000003,638
6.203547151,61.08589164,8.400194249,27.73425953,2.779654575,0.37259221299999995,0.729204647,1.590713825,3.3898167139999997,639
6.2338223170000004,65.93109214,6.487063276000001,22.9142832,4.667561383,0.401821131,0.681267159,1.494921058,0.968044218,640
6.199088287,64.12829901,7.427093199,26.27472046,2.169887336,0.408927735,0.642307748,1.288362325,1.925542516,641
6.336294617,52.27209625,6.938454419,24.01850995,16.77093938,0.484163109,0.686531428,1.701849235,2.043840014,642
6.3057276920000005,74.78635377,5.834011575,14.48837945,4.891255200000001,0.37359976200000006,0.8582872359999999,1.7839759480000001,1.188795749,643
6.152094193,68.65016586,6.745598367,23.06915029,1.5350854809999999,0.42151742799999997,0.7321933209999999,1.373423073,1.612229455,644
6.109914027,63.43443539999999,6.399021226,25.01470058,5.151842789,0.418898747,0.541620951,1.3677247940000001,3.36189405,645
6.1595181320000005,64.98131725,7.553636815,26.29819353,1.166852402,0.429506626,0.699449531,1.402286836,0.979402927,646
6.101215411,65.08867256,8.249344095,25.51504638,1.146936962,0.340697875,0.7025282490000001,1.333975975,-0.07125253299999999,647
6.2231713289999995,54.01259115,7.703216781,34.96392261,3.320269455,0.419794292,0.526945106,1.580774291,3.794123073,648
6.285625586,65.62886906,7.852324638,24.71715835,1.801647953,0.390259499,0.825238235,1.749208335,1.327029469,649
6.151029117,68.68804607,7.383165466,22.96342788,0.9653605909999999,0.375990576,0.7367809890000001,1.390874736,-0.051280347000000004,650
